CLIENT_IP,SERVER_IP
192.168.107.91,180.163.252.144
192.168.107.181,109.244.190.112
192.168.107.181,175.27.57.28
192.168.107.229,175.27.0.201
192.168.107.229,101.227.131.222
192.168.107.181,43.137.221.74
192.168.107.99,192.168.107.137
192.168.107.48,183.47.118.249
192.168.107.99,175.27.37.31
192.168.107.99,103.56.60.192
192.168.107.48,183.47.124.77
192.168.107.48,103.56.60.192
192.168.107.96,10.26.22.221
192.168.107.20,101.198.2.190
192.168.107.220,10.26.23.55
192.168.107.20,175.27.57.28
192.168.107.124,10.26.22.142
192.168.107.20,36.110.233.49
192.168.107.124,39.102.35.94
192.168.107.229,117.89.176.31
192.168.107.48,183.47.124.53
192.168.107.200,103.56.60.192
192.168.107.48,183.47.121.104
192.168.107.220,10.26.23.155
192.168.107.200,180.153.202.85
192.168.107.20,183.47.118.249
192.168.107.229,109.244.169.60
192.168.107.229,101.91.37.29
192.168.107.200,175.27.37.31
192.168.107.200,43.137.221.74
192.168.107.48,183.60.8.150
192.168.107.99,23.45.51.145
192.168.107.181,23.45.51.145
192.168.107.200,23.45.51.170
192.168.107.48,23.45.51.170
192.168.107.99,120.53.82.22
192.168.107.99,109.244.190.112
192.168.107.200,183.47.118.145
192.168.107.200,183.47.121.237
192.168.107.229,117.68.25.53
192.168.107.48,42.187.183.206
192.168.107.48,42.81.193.228
192.168.107.99,183.47.124.53
192.168.107.229,101.226.94.124
192.168.107.48,183.47.121.237
192.168.107.20,103.28.8.51
192.168.107.48,123.184.27.199
192.168.107.124,36.110.233.49
192.168.107.200,183.47.121.104
192.168.107.124,42.81.156.222
192.168.107.200,120.46.176.100
192.168.107.181,23.45.51.170
192.168.107.48,23.45.51.145
192.168.107.200,23.45.51.145
192.168.107.99,23.45.51.170
192.168.107.124,36.99.172.50
192.168.107.99,183.47.118.145
192.168.107.124,103.28.8.201
192.168.107.20,120.53.82.22
192.168.107.20,183.47.124.53
192.168.107.20,109.244.190.112
192.168.107.229,101.227.132.78
192.168.107.229,101.227.131.167
192.168.107.229,106.39.206.21
192.168.107.229,175.27.4.102
192.168.107.229,43.137.191.78
192.168.107.200,106.39.206.70
192.168.107.99,109.244.169.50
192.168.107.48,23.37.146.226
192.168.107.99,61.151.231.157
192.168.107.48,219.144.91.233
192.168.107.124,103.28.8.52
192.168.107.48,219.144.91.206
192.168.107.124,101.198.2.223
192.168.107.48,219.144.91.230
192.168.107.20,43.137.221.74
192.168.107.124,118.182.252.9
192.168.107.229,223.247.65.205
192.168.107.229,223.247.65.221
192.168.107.124,1.192.193.242
192.168.107.229,223.247.65.230
192.168.107.99,183.47.100.80
192.168.107.124,103.28.8.36
192.168.107.229,180.153.202.85
192.168.107.20,43.137.221.209
192.168.107.124,180.163.251.223
192.168.107.20,43.137.214.108
192.168.107.124,180.163.251.24
192.168.107.124,104.18.14.101
192.168.107.48,120.53.82.135
192.168.107.20,110.249.194.71
192.168.107.48,43.137.214.108
192.168.107.229,43.137.155.175
192.168.107.20,36.110.237.157
192.168.107.20,1.192.136.175
192.168.107.96,42.187.183.15
192.168.107.229,109.244.169.50
192.168.107.181,104.68.118.124
192.168.107.20,106.39.206.21
192.168.107.124,36.110.237.155
192.168.107.124,1.192.136.141
192.168.107.124,103.28.8.86
192.168.107.99,223.247.65.222
192.168.107.99,223.247.65.221
192.168.107.99,123.151.48.171
192.168.107.99,223.247.65.231
192.168.107.99,43.137.214.108
192.168.107.200,109.244.169.50
192.168.107.99,175.27.57.28
192.168.107.48,110.249.194.76
192.168.107.48,118.182.252.8
192.168.107.200,43.137.214.75
192.168.107.20,183.60.8.218
192.168.107.220,10.26.23.51
192.168.107.124,180.163.252.220
192.168.107.124,103.28.8.68
192.168.107.200,223.247.65.237
192.168.107.200,223.247.65.229
192.168.107.229,61.151.229.145
192.168.107.229,117.89.177.154
192.168.107.229,111.206.187.154
192.168.107.20,103.28.8.19
192.168.107.20,36.99.172.50
192.168.107.48,109.244.249.252
192.168.107.229,222.186.181.248
192.168.107.220,104.68.118.124
192.168.107.48,106.39.206.21
192.168.107.124,103.28.8.210
192.168.107.124,36.110.211.73
192.168.107.124,36.110.233.48
192.168.107.124,36.110.237.230
192.168.107.124,101.91.33.148
192.168.107.124,49.7.115.205
192.168.107.99,43.137.214.75
192.168.107.48,183.47.110.221
192.168.107.200,120.53.82.22
192.168.107.220,101.91.33.148
192.168.107.220,49.7.115.205
192.168.107.229,222.186.183.58
192.168.107.200,124.236.26.167
192.168.107.48,23.48.202.130
192.168.107.99,23.48.202.130
192.168.107.200,23.48.202.130
192.168.107.181,23.48.202.131
192.168.107.124,103.28.8.209
192.168.107.48,183.47.121.90
192.168.107.200,183.60.8.150
192.168.107.124,42.81.156.223
192.168.107.99,180.153.202.85
192.168.107.124,103.28.8.206
192.168.107.124,42.81.247.3
192.168.107.124,1.192.193.246
192.168.107.229,219.144.91.207
192.168.107.229,219.144.91.216
192.168.107.229,219.144.91.221
192.168.107.229,61.151.231.157
192.168.107.181,42.81.156.222
192.168.107.181,121.199.251.28
192.168.107.181,101.201.233.121
192.168.107.124,103.28.8.50
192.168.107.200,123.151.48.193
192.168.107.181,23.217.9.22
192.168.107.48,23.217.9.22
192.168.107.99,23.217.9.19
192.168.107.200,23.217.9.22
192.168.107.48,119.147.19.143
192.168.107.96,49.7.115.36
192.168.107.96,42.81.194.66
192.168.107.96,49.7.115.205
192.168.107.99,119.147.19.225
192.168.107.48,218.91.221.49
192.168.107.99,183.47.121.199
192.168.107.229,120.53.82.22
192.168.107.200,110.249.194.71
192.168.107.99,23.214.95.209
192.168.107.48,23.214.95.200
192.168.107.181,23.214.95.209
192.168.107.200,23.214.95.200
192.168.107.124,103.28.8.83
192.168.107.229,117.68.25.47
192.168.107.48,23.203.135.35
192.168.107.48,23.214.95.209
192.168.107.200,183.47.118.249
192.168.107.200,120.53.82.135
192.168.107.99,43.137.221.74
192.168.107.48,109.244.255.136
192.168.107.48,219.144.91.215
192.168.107.48,219.144.91.217
192.168.107.229,117.68.25.106
192.168.107.48,23.62.46.149
192.168.107.181,23.62.46.148
192.168.107.200,23.62.46.148
192.168.107.99,23.62.46.148
192.168.107.124,171.8.167.71
192.168.107.124,36.110.211.218
192.168.107.48,109.244.227.70
192.168.107.124,103.28.8.199
192.168.107.124,36.110.211.219
192.168.107.124,192.168.107.101
192.168.107.96,192.168.107.101
192.168.107.48,180.101.241.126
192.168.107.124,101.199.97.243
192.168.107.124,36.110.232.70
192.168.107.229,117.68.25.69
192.168.107.99,120.53.82.135
192.168.107.48,52.70.214.86
192.168.107.48,23.64.179.215
192.168.107.229,175.27.2.192
192.168.107.99,183.47.118.249
192.168.107.124,1.192.194.146
192.168.107.99,23.214.95.200
192.168.107.99,219.144.91.206
192.168.107.99,219.144.91.209
192.168.107.99,219.144.91.211
192.168.107.229,106.39.206.25
192.168.107.220,192.168.107.95
192.168.107.181,23.10.206.162
192.168.107.124,1.192.195.112
192.168.107.124,36.110.237.157
192.168.107.124,112.65.208.110
192.168.107.124,103.28.8.85
192.168.107.48,109.244.169.50
192.168.107.200,106.39.206.21
192.168.107.220,49.7.115.36
192.168.107.99,183.47.121.104
192.168.107.229,223.247.65.227
192.168.107.229,223.247.65.232
192.168.107.200,183.60.8.218
192.168.107.220,150.138.173.132
192.168.107.124,103.28.8.212
192.168.107.181,150.138.234.90
192.168.107.181,184.50.26.34
192.168.107.48,184.50.26.32
192.168.107.99,184.50.26.32
192.168.107.220,23.34.42.209
192.168.107.124,103.28.8.5
192.168.107.124,42.81.194.66
192.168.107.124,49.7.115.206
192.168.107.48,120.53.82.22
192.168.107.220,42.81.194.66
192.168.107.220,49.7.115.206
192.168.107.124,103.28.8.104
192.168.107.229,106.116.172.1
192.168.107.229,106.116.172.2
192.168.107.124,1.192.194.144
192.168.107.99,192.168.107.221
192.168.107.220,124.236.64.129
192.168.107.229,222.94.109.164
192.168.107.229,117.68.25.16
192.168.107.124,103.28.8.202
192.168.107.99,192.168.107.217
192.168.107.220,49.7.21.57
192.168.107.48,106.39.206.70
192.168.107.181,184.50.26.32
192.168.107.48,184.50.26.34
192.168.107.124,103.28.8.66
192.168.107.99,123.184.27.199
192.168.107.229,106.39.206.70
192.168.107.48,109.244.169.60
192.168.107.48,219.144.91.227
192.168.107.220,42.81.156.222
192.168.107.220,121.199.251.28
192.168.107.220,101.201.233.121
192.168.107.124,103.28.8.19
192.168.107.229,223.247.65.206
192.168.107.229,223.247.65.218
192.168.107.229,223.247.65.204
192.168.107.48,23.62.46.148
192.168.107.220,42.81.215.115
192.168.107.220,101.37.7.199
192.168.107.99,180.101.241.126
192.168.107.48,184.25.142.59
192.168.107.229,120.53.82.135
192.168.107.99,106.39.206.21
192.168.107.124,1.192.194.145
192.168.107.124,103.28.8.82
192.168.107.48,23.223.246.19
192.168.107.181,23.223.246.25
192.168.107.99,23.223.246.42
192.168.107.220,49.7.116.47
192.168.107.220,49.7.252.132
192.168.107.181,104.115.228.157
192.168.107.124,36.110.237.156
192.168.107.124,1.192.136.177
192.168.107.229,180.102.49.55
192.168.107.200,23.220.73.210
192.168.107.220,49.7.115.37
192.168.107.220,124.236.64.104
192.168.107.220,116.62.77.188
192.168.107.99,23.209.116.56
192.168.107.48,23.209.116.56
192.168.107.181,23.209.116.56
192.168.107.220,10.26.23.162
192.168.107.124,103.28.8.102
192.168.107.96,49.7.115.206
192.168.107.96,49.7.21.51
192.168.107.96,49.7.115.37
192.168.107.96,49.7.21.45
192.168.107.229,123.151.48.208
192.168.107.181,23.209.116.35
192.168.107.220,184.25.142.59
192.168.107.124,49.7.21.45
192.168.107.220,123.151.54.171
192.168.107.48,223.247.65.219
192.168.107.48,223.247.65.227
192.168.107.181,23.220.73.196
192.168.107.99,23.220.73.210
192.168.107.48,23.220.73.196
192.168.107.99,222.186.183.61
192.168.107.99,106.39.206.25
192.168.107.48,81.70.136.143
192.168.107.124,103.28.8.70
192.168.107.96,42.81.156.223
192.168.107.96,121.199.251.28
192.168.107.96,101.201.233.121
192.168.107.229,223.247.65.222
192.168.107.220,10.26.23.132
192.168.107.99,184.27.177.74
192.168.107.181,184.27.177.72
192.168.107.48,184.27.177.74
192.168.107.220,69.192.82.184
192.168.107.99,109.244.169.60
192.168.107.48,184.27.177.72
192.168.107.181,184.27.177.74
192.168.107.124,103.28.8.98
192.168.107.99,123.184.27.72
192.168.107.48,222.186.181.251
192.168.107.48,69.192.82.184
192.168.107.229,182.254.60.13
192.168.107.124,103.28.8.205
192.168.107.99,34.197.196.106
192.168.107.229,150.138.190.129
192.168.107.124,36.99.172.44
192.168.107.229,117.88.120.18
192.168.107.48,23.223.246.42
192.168.107.181,23.223.246.19
192.168.107.96,111.227.116.1
192.168.107.124,1.192.193.244
192.168.107.48,222.186.183.57
192.168.107.124,1.192.195.113
192.168.107.181,23.215.254.128
192.168.107.48,23.34.44.219
192.168.107.48,52.142.223.178
192.168.107.48,23.223.246.58
192.168.107.99,123.151.48.208
192.168.107.181,23.62.46.149
192.168.107.99,123.184.27.241
192.168.107.48,222.186.183.58
192.168.107.220,49.7.21.45
192.168.107.181,184.50.27.33
192.168.107.48,184.50.27.33
192.168.107.99,184.50.27.33
192.168.107.181,42.81.156.223
192.168.107.48,123.184.27.72
192.168.107.48,117.89.177.154
192.168.107.220,23.64.179.215
192.168.107.124,49.7.21.51
192.168.107.48,128.84.21.203
192.168.107.48,13.227.74.110
192.168.107.96,49.7.21.57
192.168.107.229,106.116.131.136
192.168.107.48,109.70.240.130
192.168.107.99,23.62.46.149
192.168.107.229,123.151.48.193
192.168.107.48,42.81.247.2
192.168.107.48,42.81.247.4
192.168.107.48,175.27.37.31
192.168.107.48,42.187.183.15
192.168.107.48,109.244.190.112
192.168.107.48,152.195.38.76
192.168.107.48,138.91.171.81
192.168.107.48,123.151.48.208
192.168.107.229,117.89.176.67
192.168.107.48,175.6.93.90
192.168.107.96,123.151.54.171
192.168.107.181,23.215.102.41
192.168.107.99,23.215.102.41
192.168.107.48,23.215.102.33
192.168.107.48,43.137.214.75
192.168.107.48,81.70.136.78
192.168.107.48,183.60.8.218
192.168.107.48,104.102.110.85
192.168.107.124,103.28.8.35
192.168.107.124,103.28.8.53
192.168.107.99,23.215.102.112
192.168.107.48,23.215.102.91
192.168.107.181,23.215.102.112
192.168.107.124,1.192.194.147
192.168.107.124,1.192.136.176
192.168.107.181,104.102.110.85
192.168.107.48,110.43.89.32
192.168.107.229,23.215.102.41
192.168.107.220,123.161.58.111
192.168.107.229,23.215.102.33
192.168.107.124,150.138.43.68
192.168.107.229,23.214.95.209
192.168.107.229,184.26.43.73
192.168.107.229,184.26.43.82
192.168.107.124,103.28.8.107
192.168.107.181,23.214.95.200
192.168.107.99,123.151.48.193
192.168.107.200,23.203.135.81
192.168.107.48,23.63.243.81
192.168.107.124,103.28.8.195
192.168.107.124,1.192.193.243
192.168.107.48,123.161.58.70
192.168.107.229,219.144.91.224
192.168.107.229,219.144.91.226
192.168.107.124,123.151.54.171
192.168.107.200,23.214.95.209
192.168.107.48,104.122.38.61
192.168.107.220,101.91.33.243
192.168.107.220,23.10.206.162
192.168.107.124,103.28.8.197
192.168.107.220,42.81.156.223
192.168.107.181,184.25.56.99
192.168.107.48,184.25.56.84
192.168.107.99,184.25.56.84
192.168.107.48,23.63.36.125
192.168.107.48,34.197.196.106
192.168.107.181,184.25.56.84
192.168.107.220,23.63.36.125
192.168.107.124,103.28.8.38
192.168.107.124,1.192.136.6
192.168.107.181,23.63.36.125
192.168.107.229,184.25.56.99
192.168.107.48,23.219.78.182
192.168.107.181,23.219.78.182
192.168.107.99,23.219.78.182
192.168.107.229,23.219.78.182
192.168.107.124,103.28.8.18
192.168.107.124,103.28.8.2
192.168.107.99,23.219.78.171
192.168.107.181,23.219.78.171
192.168.107.48,23.219.78.171
192.168.107.220,220.181.107.169
192.168.107.124,1.192.194.143
192.168.107.96,42.81.156.222
192.168.107.229,23.214.95.200
192.168.107.220,47.114.198.80
192.168.107.220,118.178.116.88
192.168.107.96,101.91.33.243
192.168.107.124,103.28.8.54
192.168.107.124,36.110.213.160
192.168.107.124,1.192.136.140
192.168.107.124,103.28.8.51
192.168.107.220,101.37.6.136
192.168.107.181,150.138.218.209
192.168.107.200,220.181.53.219
192.168.107.200,109.244.190.112
192.168.107.200,110.43.89.32
192.168.107.200,124.236.26.172
192.168.107.220,23.196.127.132
192.168.107.200,23.203.135.35
192.168.107.220,118.178.168.188
192.168.107.124,101.91.33.243
192.168.107.124,36.110.215.239
192.168.107.220,116.62.183.18
192.168.107.48,23.196.127.132
192.168.107.220,152.195.38.76
192.168.107.124,1.192.136.175
192.168.107.181,23.196.127.132
192.168.107.124,103.28.8.99
192.168.107.48,123.151.48.193
192.168.107.124,103.28.8.21
192.168.107.124,103.28.8.203
192.168.107.181,61.213.189.203
192.168.107.48,61.213.189.201
192.168.107.99,61.213.189.203
192.168.107.48,23.33.33.210
192.168.107.181,23.33.33.210
192.168.107.99,23.33.33.122
192.168.107.200,109.244.169.60
192.168.107.200,23.33.33.210
192.168.107.200,152.195.38.76
192.168.107.200,219.144.91.222
192.168.107.200,219.144.91.212
192.168.107.200,219.144.91.211
192.168.107.200,219.144.91.213
192.168.107.200,219.144.91.217
192.168.107.200,219.144.91.210
192.168.107.200,219.144.91.214
192.168.107.200,219.144.91.218
192.168.107.200,219.144.91.219
192.168.107.200,219.144.91.226
192.168.107.200,219.144.91.215
192.168.107.200,219.144.91.221
192.168.107.48,23.33.33.122
192.168.107.99,23.33.33.210
192.168.107.220,23.37.146.226
192.168.107.96,150.138.218.194
192.168.107.99,23.35.111.35
192.168.107.181,23.35.111.35
192.168.107.48,23.35.111.35
192.168.107.200,23.35.111.35
192.168.107.124,203.208.50.33
192.168.107.124,220.181.174.67
192.168.107.48,23.47.133.157
192.168.107.181,23.47.133.157
192.168.107.96,1.194.255.53
192.168.107.99,150.138.190.6
192.168.107.181,150.138.36.59
192.168.107.99,152.195.38.76
192.168.107.181,61.213.189.201
192.168.107.99,61.213.189.201
192.168.107.48,123.151.48.171
192.168.107.99,184.30.30.209
192.168.107.181,184.30.30.153
192.168.107.48,184.30.30.209
192.168.107.220,23.56.118.188
192.168.107.181,184.30.30.209
192.168.107.48,184.30.30.153
192.168.107.99,184.30.30.153
192.168.107.181,23.48.149.192
192.168.107.48,23.48.149.195
192.168.107.99,23.48.149.195
192.168.107.48,23.59.6.33
192.168.107.96,220.181.107.169
192.168.107.99,23.48.149.192
192.168.107.181,23.56.118.188
192.168.107.220,150.138.218.213
192.168.107.124,124.236.64.221
192.168.107.48,104.18.14.101
192.168.107.48,150.138.43.10
192.168.107.99,106.39.206.70
192.168.107.124,49.7.115.37
192.168.107.48,23.56.118.188
192.168.107.124,1.192.136.144
192.168.107.181,23.33.33.122
192.168.107.220,49.7.20.53
192.168.107.220,220.181.174.67
192.168.107.220,180.163.150.161
192.168.107.220,220.181.174.194
192.168.107.220,101.37.6.186
192.168.107.48,106.39.206.25
192.168.107.220,34.104.35.123
192.168.107.96,49.7.115.41
192.168.107.124,103.28.8.55
192.168.107.181,23.64.179.215
192.168.107.181,184.26.43.82
192.168.107.48,184.26.43.82
192.168.107.99,184.26.43.82
192.168.107.48,184.27.185.201
192.168.107.99,184.27.185.216
192.168.107.181,184.27.185.216
192.168.107.124,1.192.136.145
192.168.107.124,49.7.115.36
192.168.107.99,183.47.124.77
192.168.107.181,180.163.151.161
192.168.107.181,220.181.174.67
192.168.107.181,220.181.174.194
192.168.107.48,23.59.252.203
192.168.107.181,23.59.252.203
192.168.107.99,23.59.252.203
192.168.107.96,101.91.33.148
192.168.107.124,103.28.8.101
192.168.107.99,223.247.65.230
192.168.107.99,223.247.65.217
192.168.107.91,103.28.8.67
192.168.107.91,114.115.218.83
192.168.107.91,180.213.251.235
192.168.107.91,42.81.247.3
192.168.107.91,114.115.207.129
192.168.107.91,39.102.49.233
192.168.107.91,114.116.48.235
192.168.107.91,114.115.137.21
192.168.107.91,47.104.109.169
192.168.107.124,152.195.38.76
192.168.107.124,106.39.206.25
192.168.107.124,175.27.4.102
192.168.107.91,180.163.251.24
192.168.107.124,109.244.228.251
192.168.107.124,43.137.191.78
192.168.107.124,43.137.155.175
192.168.107.124,152.199.38.90
192.168.107.124,175.27.0.201
192.168.107.124,180.213.251.233
192.168.107.124,180.213.251.232
192.168.107.124,117.89.177.159
192.168.107.124,180.153.202.85
192.168.107.91,103.28.8.71
192.168.107.91,220.181.158.228
192.168.107.91,180.163.246.110
192.168.107.124,103.105.60.38
192.168.107.91,110.43.89.32
192.168.107.91,110.249.194.76
192.168.107.91,36.110.237.157
192.168.107.91,180.163.252.220
192.168.107.91,1.192.136.140
192.168.107.91,36.110.213.160
192.168.107.91,114.115.237.15
192.168.107.91,101.198.2.154
192.168.107.91,106.119.198.131
192.168.107.91,1.192.192.177
192.168.107.91,220.181.127.237
192.168.107.91,103.28.8.102
192.168.107.91,101.199.97.243
192.168.107.91,36.110.211.218
192.168.107.91,36.110.236.45
192.168.107.91,36.110.237.31
192.168.107.91,101.199.113.109
192.168.107.91,36.110.211.73
192.168.107.91,101.198.2.184
192.168.107.91,101.198.2.196
192.168.107.91,36.110.211.219
192.168.107.91,221.230.245.103
192.168.107.91,61.160.228.112
192.168.107.91,42.81.118.63
192.168.107.91,220.181.127.238
192.168.107.91,114.116.204.36
192.168.107.91,180.163.251.137
192.168.107.91,1.192.194.144
192.168.107.91,103.28.8.34
192.168.107.91,101.199.253.50
192.168.107.91,101.198.2.136
192.168.107.91,117.91.191.254
192.168.107.91,1.192.193.245
192.168.107.91,1.192.137.19
192.168.107.91,152.195.38.76
192.168.107.124,101.198.2.184
192.168.107.91,103.28.8.66
192.168.107.91,101.198.0.17
192.168.107.99,192.168.107.147
192.168.107.181,23.219.78.208
192.168.107.48,23.219.78.208
192.168.107.99,23.219.78.215
192.168.107.91,180.163.237.29
192.168.107.91,36.110.213.244
192.168.107.91,220.181.158.227
192.168.107.91,103.28.8.83
192.168.107.91,36.110.233.48
192.168.107.91,36.110.232.70
192.168.107.91,180.163.242.64
192.168.107.91,1.192.137.91
192.168.107.91,36.110.237.137
192.168.107.91,103.28.8.132
192.168.107.91,104.192.108.123
192.168.107.91,171.8.167.71
192.168.107.91,180.163.222.109
192.168.107.91,42.236.43.113
192.168.107.91,210.52.217.27
192.168.107.91,101.199.253.104
192.168.107.124,121.51.77.118
192.168.107.91,36.110.237.155
192.168.107.91,1.192.136.177
192.168.107.91,103.28.8.195
192.168.107.124,222.186.183.61
192.168.107.124,116.162.172.139
192.168.107.124,180.163.249.141
192.168.107.124,101.199.113.116
192.168.107.91,180.213.251.230
192.168.107.124,109.244.169.50
192.168.107.91,112.65.208.110
192.168.107.91,180.163.251.223
192.168.107.91,114.116.110.76
192.168.107.91,47.104.160.247
192.168.107.91,220.181.158.232
192.168.107.91,103.28.8.35
192.168.107.91,180.213.251.229
192.168.107.91,61.160.228.242
192.168.107.91,221.230.245.108
192.168.107.91,103.28.8.50
192.168.107.91,180.163.242.118
192.168.107.91,101.199.253.40
192.168.107.91,36.110.213.50
192.168.107.124,219.144.91.220
192.168.107.124,219.144.91.235
192.168.107.124,219.144.91.222
192.168.107.91,180.163.246.73
192.168.107.91,1.192.194.147
192.168.107.91,117.91.185.103
192.168.107.91,103.28.8.82
192.168.107.91,101.199.113.116
192.168.107.91,103.28.8.39
192.168.107.91,36.110.237.247
192.168.107.91,1.192.194.194
192.168.107.91,106.39.206.25
192.168.107.91,175.27.57.28
192.168.107.91,43.137.221.209
192.168.107.91,36.110.233.49
192.168.107.91,36.99.172.137
192.168.107.91,36.110.215.239
192.168.107.91,220.181.158.226
192.168.107.96,106.39.206.70
192.168.107.96,43.137.221.209
192.168.107.200,23.219.78.182
192.168.107.91,183.47.121.104
192.168.107.91,183.47.100.80
192.168.107.96,175.27.37.31
192.168.107.96,43.137.214.108
192.168.107.96,109.244.190.112
192.168.107.96,43.137.214.75
192.168.107.91,180.213.251.234
192.168.107.91,180.213.251.232
192.168.107.96,36.99.86.106
192.168.107.96,117.68.25.62
192.168.107.91,175.27.37.31
192.168.107.96,220.181.158.231
192.168.107.91,109.244.190.112
192.168.107.91,43.137.221.74
192.168.107.91,43.137.214.75
192.168.107.91,43.137.214.108
192.168.107.91,117.68.25.47
192.168.107.91,61.151.231.157
192.168.107.91,183.60.8.218
192.168.107.91,183.47.124.77
192.168.107.91,183.47.118.249
192.168.107.91,117.68.25.69
192.168.107.91,36.99.86.106
192.168.107.91,123.184.27.241
192.168.107.91,222.186.183.62
192.168.107.91,103.28.8.54
192.168.107.229,223.247.65.237
192.168.107.229,223.247.65.228
192.168.107.229,223.247.65.219
192.168.107.229,10.29.1.2
192.168.107.124,1.192.136.142
192.168.107.91,180.163.246.68
192.168.107.91,210.52.217.135
192.168.107.91,123.151.48.193
192.168.107.91,101.32.133.209
192.168.107.91,101.32.133.53
192.168.107.91,175.27.0.201
192.168.107.91,109.244.228.251
192.168.107.91,43.137.191.78
192.168.107.91,183.47.121.199
192.168.107.91,119.147.19.143
192.168.107.91,157.148.61.213
192.168.107.91,120.232.51.154
192.168.107.91,183.47.121.90
192.168.107.91,123.184.27.179
192.168.107.96,123.184.27.245
192.168.107.91,117.68.25.53
192.168.107.96,223.247.65.203
192.168.107.96,223.247.65.237
192.168.107.96,123.184.27.134
192.168.107.96,223.247.65.230
192.168.107.91,103.28.8.207
192.168.107.91,220.181.127.234
192.168.107.220,10.26.23.184
192.168.107.124,120.53.82.22
192.168.107.96,220.181.127.237
192.168.107.96,220.181.127.240
192.168.107.91,183.47.110.221
192.168.107.91,42.81.156.223
192.168.107.124,101.227.131.167
192.168.107.124,117.89.176.31
192.168.107.91,111.206.170.54
192.168.107.91,103.28.8.22
192.168.107.91,103.28.8.53
192.168.107.124,101.91.37.29
192.168.107.91,36.99.170.12
192.168.107.91,1.192.137.11
192.168.107.91,1.192.194.143
192.168.107.91,1.192.193.243
192.168.107.229,117.68.25.62
192.168.107.229,180.102.58.221
192.168.107.91,1.192.137.7
192.168.107.91,36.110.236.239
192.168.107.124,101.227.131.222
192.168.107.91,180.163.237.207
192.168.107.124,101.227.132.78
192.168.107.48,223.247.65.226
192.168.107.91,1.192.192.243
192.168.107.91,101.199.253.60
192.168.107.91,180.163.237.246
192.168.107.91,180.163.251.5
192.168.107.200,23.203.135.34
192.168.107.124,36.110.237.247
192.168.107.229,101.227.132.126
192.168.107.91,103.28.8.203
192.168.107.91,103.28.8.212
192.168.107.48,117.68.25.53
192.168.107.91,36.110.237.230
192.168.107.124,61.151.231.157
192.168.107.96,109.244.169.60
192.168.107.96,219.144.91.210
192.168.107.96,219.144.91.220
192.168.107.96,10.26.22.25
192.168.107.96,219.144.91.215
192.168.107.96,117.68.25.63
192.168.107.96,123.184.27.242
192.168.107.220,116.62.82.188
192.168.107.124,123.151.48.171
192.168.107.48,23.219.78.215
192.168.107.96,223.247.65.228
192.168.107.96,223.247.65.231
192.168.107.96,223.247.65.219
192.168.107.91,113.125.197.102
192.168.107.91,218.92.144.254
192.168.107.124,117.89.176.67
192.168.107.124,49.7.21.57
192.168.107.181,184.26.248.133
192.168.107.20,23.219.78.215
192.168.107.20,157.148.61.213
192.168.107.20,175.27.37.31
192.168.107.20,103.28.8.209
192.168.107.20,183.47.124.77
192.168.107.20,183.47.121.104
192.168.107.20,183.47.121.237
192.168.107.20,219.144.91.210
192.168.107.20,219.144.91.202
192.168.107.20,219.144.91.208
192.168.107.20,36.110.237.31
192.168.107.20,120.53.82.135
192.168.107.20,180.163.251.223
192.168.107.20,219.144.91.235
192.168.107.20,110.249.194.78
192.168.107.20,42.81.118.34
192.168.107.20,101.199.97.243
192.168.107.20,36.110.232.70
192.168.107.20,103.28.8.199
192.168.107.20,36.110.211.73
192.168.107.20,36.110.237.247
192.168.107.20,101.199.253.2
192.168.107.20,110.43.81.79
192.168.107.20,110.43.89.32
192.168.107.20,36.99.172.137
192.168.107.20,42.81.247.6
192.168.107.96,120.53.82.22
192.168.107.20,222.186.183.58
192.168.107.96,183.60.8.150
192.168.107.96,183.47.118.249
192.168.107.20,120.92.33.171
192.168.107.20,121.36.105.91
192.168.107.20,220.181.53.219
192.168.107.20,36.103.171.15
192.168.107.96,183.60.8.218
192.168.107.181,123.151.48.193
192.168.107.96,219.144.91.211
192.168.107.181,43.137.214.75
192.168.107.181,175.27.37.31
192.168.107.181,43.137.221.209
192.168.107.181,43.137.214.108
192.168.107.181,223.247.65.217
192.168.107.181,223.247.65.235
192.168.107.181,223.247.65.227
192.168.107.20,1.192.192.243
192.168.107.181,36.99.200.188
192.168.107.91,106.8.157.242
192.168.107.181,117.88.120.110
192.168.107.220,18.155.188.209
192.168.107.124,103.28.8.34
192.168.107.20,36.110.240.73
192.168.107.99,119.29.29.98
192.168.107.99,192.168.107.250
192.168.107.91,103.28.8.36
192.168.107.20,180.163.151.161
192.168.107.20,220.181.174.133
192.168.107.181,42.81.247.1
192.168.107.181,106.116.172.3
192.168.107.181,111.227.116.1
192.168.107.181,106.116.131.134
192.168.107.181,106.116.172.1
192.168.107.48,54.231.195.73
192.168.107.96,219.144.91.230
192.168.107.96,175.27.207.21
192.168.107.220,184.26.248.133
192.168.107.20,222.186.183.57
192.168.107.181,23.32.248.41
192.168.107.181,184.30.170.202
192.168.107.124,120.53.82.135
192.168.107.20,222.186.183.62
192.168.107.20,220.181.174.5
192.168.107.20,222.94.109.164
192.168.107.20,220.181.174.195
192.168.107.20,220.181.174.131
192.168.107.20,101.199.253.42
192.168.107.20,1.192.193.244
192.168.107.20,36.110.213.244
192.168.107.20,220.181.174.67
192.168.107.91,1.192.136.4
192.168.107.20,220.181.174.3
192.168.107.181,42.81.118.63
192.168.107.181,23.223.199.171
192.168.107.48,23.223.198.208
192.168.107.99,23.223.199.171
192.168.107.181,152.195.38.76
192.168.107.20,220.181.174.4
192.168.107.20,104.18.14.101
192.168.107.229,117.89.177.159
192.168.107.20,220.181.174.68
192.168.107.96,175.27.43.197
192.168.107.20,220.181.174.197
192.168.107.20,220.181.174.196
192.168.107.20,220.181.174.130
192.168.107.99,192.168.107.170
192.168.107.20,220.181.174.194
192.168.107.181,23.219.78.215
192.168.107.99,117.89.177.159
192.168.107.91,103.28.8.23
192.168.107.20,106.39.206.70
192.168.107.20,184.51.135.128
192.168.107.20,138.91.171.81
192.168.107.20,36.110.237.155
192.168.107.20,171.8.167.51
192.168.107.20,1.192.136.143
192.168.107.20,36.110.213.160
192.168.107.20,103.28.8.100
192.168.107.200,23.219.78.215
192.168.107.200,123.151.48.208
192.168.107.20,101.199.253.104
192.168.107.20,101.226.211.106
192.168.107.200,124.236.26.168
192.168.107.96,183.47.124.53
192.168.107.20,1.192.194.201
192.168.107.96,222.186.183.61
192.168.107.181,109.244.169.50
192.168.107.91,101.199.253.86
192.168.107.96,119.147.19.225
192.168.107.96,222.186.181.189
192.168.107.48,220.181.107.169
192.168.107.99,223.247.65.237
192.168.107.20,1.192.193.243
192.168.107.99,192.168.107.143
192.168.107.20,1.192.194.194
192.168.107.20,110.249.194.68
192.168.107.229,117.68.25.13
192.168.107.48,42.81.118.34
192.168.107.20,1.192.136.177
192.168.107.124,180.101.242.227
192.168.107.96,183.47.121.104
192.168.107.96,183.47.121.90
192.168.107.96,39.102.35.94
192.168.107.99,23.219.78.208
192.168.107.200,23.219.78.208
192.168.107.20,1.192.194.146
192.168.107.20,101.199.253.62
192.168.107.48,104.18.15.101
192.168.107.20,1.192.194.199
192.168.107.124,101.226.94.124
192.168.107.99,192.168.107.24
192.168.107.20,103.28.8.55
192.168.107.20,101.199.253.14
192.168.107.20,101.199.113.109
192.168.107.20,101.199.113.116
192.168.107.20,180.163.237.246
192.168.107.20,101.198.2.184
192.168.107.20,36.110.236.239
192.168.107.20,180.163.251.24
192.168.107.20,103.28.8.205
192.168.107.20,36.110.233.48
192.168.107.20,103.28.8.50
192.168.107.20,152.195.38.76
192.168.107.20,43.137.214.75
192.168.107.91,42.202.208.240
192.168.107.20,36.110.211.218
192.168.107.99,23.64.179.215
192.168.107.200,110.249.194.67
192.168.107.20,180.163.246.68
192.168.107.20,103.28.8.2
192.168.107.181,123.184.27.134
192.168.107.181,222.186.181.190
192.168.107.20,36.110.231.37
192.168.107.99,23.45.51.147
192.168.107.20,36.110.211.219
192.168.107.20,1.192.194.203
192.168.107.20,101.199.253.18
192.168.107.20,1.192.193.246
192.168.107.20,180.163.249.141
192.168.107.20,101.199.253.8
192.168.107.96,120.53.82.135
192.168.107.20,183.60.8.150
192.168.107.124,180.163.242.64
192.168.107.181,120.53.82.22
192.168.107.20,219.239.227.32
192.168.107.96,223.247.65.222
192.168.107.20,1.192.192.175
192.168.107.181,183.47.124.77
192.168.107.20,101.199.253.37
192.168.107.20,101.199.253.13
192.168.107.181,183.47.118.145
192.168.107.200,110.249.194.78
192.168.107.181,183.60.8.150
192.168.107.20,124.236.26.168
192.168.107.20,101.199.253.75
192.168.107.20,36.103.171.19
192.168.107.20,1.180.21.166
192.168.107.181,183.47.118.249
192.168.107.96,222.186.183.59
192.168.107.20,1.192.194.200
192.168.107.229,180.101.242.212
192.168.107.229,180.101.242.227
192.168.107.20,103.28.8.69
192.168.107.20,1.192.193.245
192.168.107.20,140.207.202.22
192.168.107.20,1.192.137.22
192.168.107.20,101.199.253.7
192.168.107.181,183.47.100.80
192.168.107.20,180.163.237.185
192.168.107.20,101.198.3.25
192.168.107.48,23.223.199.171
192.168.107.99,23.223.198.208
192.168.107.181,183.47.121.104
192.168.107.200,23.223.198.208
192.168.107.124,103.28.8.71
192.168.107.48,211.149.182.128
192.168.107.48,42.236.73.206
192.168.107.48,203.107.86.226
192.168.107.124,106.39.206.70
192.168.107.124,101.91.37.39
192.168.107.96,36.110.220.110
192.168.107.181,222.186.183.61
192.168.107.20,204.68.111.105
192.168.107.20,216.105.38.12
192.168.107.96,36.99.86.199
192.168.107.20,150.65.7.130
192.168.107.91,10.26.22.127
192.168.107.20,117.68.20.154
192.168.107.96,219.144.91.212
192.168.107.96,219.144.91.216
192.168.107.96,123.184.27.125
192.168.107.181,117.68.25.69
192.168.107.91,101.199.253.42
192.168.107.91,36.99.172.44
192.168.107.96,124.236.64.104
192.168.107.20,123.151.48.208
192.168.107.200,183.47.100.80
192.168.107.181,183.47.121.199
192.168.107.91,180.163.247.35
192.168.107.20,183.47.110.221
192.168.107.124,101.227.132.126
192.168.107.96,109.244.169.50
192.168.107.20,103.28.8.22
192.168.107.124,61.151.229.145
192.168.107.181,183.47.110.221
192.168.107.20,103.28.8.208
192.168.107.20,112.65.208.110
192.168.107.96,183.47.124.77
192.168.107.181,119.147.19.225
192.168.107.48,117.68.25.47
192.168.107.96,119.147.19.143
192.168.107.96,150.138.204.206
192.168.107.96,150.138.204.217
192.168.107.96,42.81.86.29
192.168.107.181,183.60.8.218
192.168.107.200,23.219.78.171
192.168.107.91,101.198.2.134
192.168.107.91,36.110.236.68
192.168.107.91,220.181.53.137
192.168.107.91,59.110.53.1
192.168.107.91,106.38.179.48
192.168.107.91,220.181.174.67
192.168.107.91,203.208.50.33
192.168.107.91,220.181.174.194
192.168.107.91,106.8.157.240
192.168.107.20,124.236.26.172
192.168.107.20,1.192.192.177
192.168.107.20,72.14.185.43
192.168.107.20,80.251.208.80
192.168.107.20,101.199.253.5
192.168.107.20,103.28.8.37
192.168.107.200,106.39.206.25
192.168.107.91,103.28.8.19
192.168.107.99,223.247.65.203
192.168.107.20,1.192.136.4
192.168.107.96,106.39.206.21
192.168.107.20,103.28.8.53
192.168.107.96,150.138.43.111
192.168.107.48,117.68.25.106
192.168.107.99,108.139.4.116
192.168.107.99,119.147.19.143
192.168.107.96,150.138.204.209
192.168.107.91,1.192.193.244
192.168.107.20,103.28.8.38
192.168.107.181,123.184.27.136
192.168.107.99,223.247.65.236
192.168.107.99,223.247.65.225
192.168.107.99,223.247.65.220
192.168.107.99,222.186.183.59
192.168.107.91,42.202.208.244
192.168.107.20,1.192.137.14
192.168.107.48,42.187.182.193
192.168.107.20,103.28.8.70
192.168.107.220,106.116.172.1
192.168.107.20,103.28.8.66
192.168.107.20,124.236.26.161
192.168.107.20,1.192.193.242
192.168.107.20,103.28.8.52
192.168.107.20,72.14.178.174
192.168.107.20,1.192.194.144
192.168.107.200,23.223.199.171
192.168.107.181,120.53.82.135
192.168.107.96,183.47.118.145
192.168.107.48,123.184.27.136
192.168.107.20,101.199.253.21
192.168.107.91,42.202.208.249
192.168.107.20,1.192.137.24
192.168.107.96,39.105.29.36
192.168.107.229,60.13.97.132
192.168.107.48,222.186.183.62
192.168.107.229,1.182.48.35
192.168.107.20,103.28.8.83
192.168.107.181,222.186.181.189
192.168.107.181,222.94.109.83
192.168.107.20,222.186.181.190
192.168.107.20,1.192.137.20
192.168.107.200,61.151.231.157
192.168.107.96,223.247.65.205
192.168.107.96,223.247.65.232
192.168.107.124,123.151.48.208
192.168.107.91,103.28.8.38
192.168.107.91,1.192.136.6
192.168.107.181,119.147.19.143
192.168.107.20,119.147.19.225
192.168.107.181,117.68.25.13
192.168.107.181,123.151.48.208
192.168.107.20,106.39.206.25
192.168.107.48,123.184.27.241
192.168.107.124,101.227.132.43
192.168.107.99,119.0.66.118
192.168.107.99,222.186.181.251
192.168.107.48,123.184.27.125
192.168.107.20,1.192.192.181
192.168.107.20,39.108.66.130
192.168.107.91,10.26.22.217
192.168.107.181,111.38.37.44
192.168.107.181,60.18.196.200
192.168.107.181,221.181.168.43
192.168.107.181,120.241.46.215
192.168.107.181,183.232.249.206
192.168.107.96,223.247.65.206
192.168.107.181,43.248.79.96
192.168.107.181,116.162.172.139
192.168.107.181,221.181.168.56
192.168.107.96,223.247.65.221
192.168.107.181,120.241.46.204
192.168.107.20,1.192.136.176
192.168.107.20,36.110.237.156
192.168.107.20,120.46.140.218
192.168.107.124,101.198.2.190
192.168.107.124,36.110.234.17
192.168.107.181,183.47.124.53
192.168.107.124,1.192.193.245
192.168.107.96,140.249.242.254
192.168.107.181,23.220.70.142
192.168.107.48,23.220.70.165
192.168.107.99,23.220.70.142
192.168.107.200,23.220.70.165
192.168.107.124,180.101.242.212
192.168.107.48,222.94.109.83
192.168.107.96,106.39.206.25
192.168.107.91,103.28.8.2
192.168.107.91,101.198.2.223
192.168.107.48,23.33.92.142
192.168.107.229,180.101.241.126
192.168.107.181,183.47.121.90
192.168.107.99,223.247.65.227
192.168.107.99,223.247.65.219
192.168.107.91,122.10.26.180
192.168.107.91,1.192.192.175
192.168.107.181,23.220.70.165
192.168.107.48,23.220.70.142
192.168.107.200,23.220.70.142
192.168.107.91,122.114.89.179
192.168.107.91,122.114.8.184
192.168.107.91,8.134.116.55
192.168.107.91,101.199.253.5
192.168.107.124,10.26.22.140
192.168.107.181,117.89.177.159
192.168.107.229,117.88.120.110
192.168.107.20,109.244.169.50
192.168.107.91,103.28.8.202
192.168.107.181,117.68.20.154
192.168.107.91,1.192.136.176
192.168.107.48,219.144.91.211
192.168.107.124,1.192.136.5
192.168.107.99,192.168.107.142
192.168.107.229,219.144.91.235
192.168.107.229,219.144.91.204
192.168.107.229,219.144.91.206
192.168.107.20,110.249.194.67
192.168.107.220,111.227.116.1
192.168.107.220,49.7.21.51
192.168.107.99,123.184.27.242
192.168.107.91,103.28.8.197
192.168.107.181,183.47.121.237
192.168.107.20,123.151.48.171
192.168.107.229,123.151.48.171
192.168.107.20,103.28.8.99
192.168.107.48,23.55.103.43
192.168.107.181,23.55.103.64
192.168.107.99,23.55.103.43
192.168.107.200,23.55.103.43
192.168.107.91,1.192.194.146
192.168.107.91,220.181.127.239
192.168.107.181,121.229.88.157
192.168.107.96,49.7.116.46
192.168.107.96,49.7.252.132
192.168.107.91,36.110.234.17
192.168.107.91,101.198.2.190
192.168.107.91,120.92.33.171
192.168.107.91,120.46.176.100
192.168.107.91,114.116.229.89
192.168.107.96,123.151.48.208
192.168.107.96,219.144.91.234
192.168.107.96,219.144.91.224
192.168.107.91,36.99.172.50
192.168.107.200,23.67.33.76
192.168.107.48,23.67.33.76
192.168.107.99,23.67.33.86
192.168.107.181,23.67.33.86
192.168.107.99,223.247.65.218
192.168.107.99,223.247.65.232
192.168.107.229,101.227.132.43
192.168.107.91,106.116.171.240
192.168.107.91,103.28.8.210
192.168.107.96,150.138.234.86
192.168.107.124,123.184.28.40
192.168.107.96,223.247.65.236
192.168.107.91,1.192.192.174
192.168.107.48,36.99.86.60
192.168.107.48,117.68.25.83
192.168.107.20,42.81.156.223
192.168.107.91,103.28.8.196
192.168.107.48,23.67.33.86
192.168.107.181,23.67.33.76
192.168.107.91,180.213.251.233
192.168.107.48,124.237.208.36
192.168.107.200,110.249.194.68
192.168.107.20,101.198.2.223
192.168.107.200,34.197.196.106
192.168.107.48,104.110.17.248
192.168.107.48,43.137.221.209
192.168.107.48,180.153.202.85
192.168.107.48,117.88.120.18
192.168.107.48,101.226.141.201
192.168.107.48,109.244.169.81
192.168.107.48,180.109.192.65
192.168.107.48,59.36.89.146
192.168.107.48,101.226.144.76
192.168.107.48,123.184.27.147
192.168.107.48,183.47.115.115
192.168.107.48,184.26.248.133
192.168.107.48,1.198.4.171
192.168.107.48,202.89.233.100
192.168.107.20,183.47.100.80
192.168.107.48,103.41.167.234
192.168.107.48,119.0.66.118
192.168.107.20,101.199.253.39
192.168.107.99,222.186.181.190
192.168.107.48,222.186.181.189
192.168.107.20,101.199.253.23
192.168.107.91,103.28.8.52
192.168.107.181,104.114.76.75
192.168.107.200,104.114.76.51
192.168.107.99,104.114.76.51
192.168.107.48,104.114.76.51
192.168.107.229,219.144.91.220
192.168.107.48,175.27.57.28
192.168.107.20,222.186.181.189
192.168.107.200,111.12.60.80
192.168.107.20,1.192.194.202
192.168.107.48,42.81.15.111
192.168.107.48,43.137.221.74
192.168.107.99,36.99.86.106
192.168.107.91,124.70.75.114
192.168.107.20,1.192.192.178
192.168.107.200,23.63.242.80
192.168.107.181,23.63.242.80
192.168.107.48,61.151.231.157
192.168.107.48,23.63.242.80
192.168.107.99,23.63.242.80
192.168.107.48,123.151.68.56
192.168.107.48,180.109.192.140
192.168.107.48,23.63.243.97
192.168.107.48,123.151.56.48
192.168.107.200,123.151.48.171
192.168.107.181,109.244.169.60
192.168.107.99,52.70.214.86
192.168.107.48,219.144.91.232
192.168.107.48,223.247.65.217
192.168.107.99,23.63.243.81
192.168.107.99,184.26.248.133
192.168.107.48,223.247.65.221
192.168.107.20,222.186.181.248
192.168.107.20,101.199.253.24
192.168.107.20,121.36.101.29
192.168.107.91,101.199.253.21
192.168.107.20,104.18.15.101
192.168.107.96,124.236.64.129
192.168.107.91,58.220.72.135
192.168.107.91,42.81.247.1
192.168.107.91,116.53.37.71
192.168.107.91,116.53.37.65
192.168.107.91,58.220.72.134
192.168.107.91,58.220.72.129
192.168.107.91,116.53.37.73
192.168.107.96,59.63.226.86
192.168.107.91,116.53.37.68
192.168.107.91,116.53.37.72
192.168.107.91,58.220.72.130
192.168.107.91,36.110.237.156
192.168.107.96,223.247.65.229
192.168.107.96,222.186.181.251
192.168.107.96,223.247.65.220
192.168.107.96,223.247.65.217
192.168.107.20,110.43.89.210
192.168.107.181,23.63.243.97
192.168.107.200,23.63.243.97
192.168.107.20,1.192.194.196
192.168.107.99,23.63.243.97
192.168.107.99,192.168.107.40
192.168.107.20,1.192.194.143
192.168.107.99,111.12.60.80
192.168.107.99,23.63.242.91
192.168.107.99,104.123.71.136
192.168.107.48,104.123.71.154
192.168.107.48,204.246.191.113
192.168.107.48,13.107.246.74
192.168.107.91,106.8.157.248
192.168.107.99,104.123.71.154
192.168.107.20,103.28.8.24
192.168.107.48,104.123.71.136
192.168.107.124,117.68.20.154
192.168.107.124,111.227.116.3
192.168.107.96,117.68.25.83
192.168.107.96,140.249.30.138
192.168.107.48,23.63.243.90
192.168.107.181,23.63.243.90
192.168.107.200,23.63.243.90
192.168.107.48,111.12.60.80
192.168.107.48,23.204.146.160
192.168.107.48,23.204.146.163
192.168.107.91,106.8.157.243
192.168.107.99,219.144.91.226
192.168.107.99,219.144.91.223
192.168.107.99,219.144.91.217
192.168.107.96,36.99.200.62
192.168.107.181,106.116.131.136
192.168.107.220,104.110.17.248
192.168.107.220,138.91.171.81
192.168.107.181,23.204.146.163
192.168.107.200,119.0.66.118
192.168.107.48,183.47.121.199
192.168.107.48,119.147.19.225
192.168.107.48,23.60.145.21
192.168.107.99,23.63.243.90
192.168.107.99,203.119.169.38
192.168.107.20,103.28.8.195
192.168.107.96,223.247.65.218
192.168.107.91,103.28.8.205
192.168.107.48,42.81.150.184
192.168.107.20,42.81.15.111
192.168.107.91,42.202.208.248
192.168.107.48,42.81.247.1
192.168.107.48,117.24.10.117
192.168.107.91,103.28.8.18
192.168.107.20,42.81.156.222
192.168.107.96,123.151.48.171
192.168.107.181,23.215.223.23
192.168.107.99,23.215.223.23
192.168.107.48,23.215.223.23
192.168.107.20,180.163.252.220
192.168.107.91,42.81.156.222
192.168.107.48,183.47.118.145
192.168.107.91,180.163.249.141
192.168.107.96,192.168.107.59
192.168.107.124,192.168.107.59
192.168.107.91,121.36.105.91
192.168.107.99,219.144.91.210
192.168.107.99,219.144.91.219
192.168.107.99,219.144.91.214
192.168.107.48,23.33.32.27
192.168.107.181,23.33.32.27
192.168.107.99,23.33.32.40
192.168.107.91,220.181.127.240
192.168.107.91,103.28.8.107
192.168.107.91,1.192.136.175
192.168.107.91,103.28.8.21
192.168.107.48,23.214.95.203
192.168.107.91,103.28.8.55
192.168.107.96,222.186.181.248
192.168.107.91,124.236.30.243
192.168.107.91,101.199.253.8
192.168.107.48,117.68.25.16
192.168.107.20,101.199.253.12
192.168.107.99,183.60.8.218
192.168.107.99,124.236.30.244
192.168.107.96,115.231.33.1
192.168.107.20,101.199.253.43
192.168.107.181,23.33.32.40
192.168.107.48,23.33.32.40
192.168.107.96,152.195.38.76
192.168.107.200,23.33.32.27
192.168.107.91,124.70.62.106
192.168.107.200,23.33.32.40
192.168.107.99,219.144.91.205
192.168.107.48,117.68.20.154
192.168.107.96,123.184.28.40
192.168.107.99,23.33.32.27
192.168.107.96,223.247.65.204
192.168.107.20,119.147.19.143
192.168.107.96,123.184.27.56
192.168.107.91,42.202.208.243
192.168.107.20,103.28.8.34
192.168.107.48,183.47.100.80
192.168.107.20,1.192.195.113
192.168.107.96,219.144.91.226
192.168.107.99,192.168.107.3
192.168.107.96,123.151.48.193
192.168.107.229,23.214.95.203
192.168.107.229,109.244.228.251
192.168.107.96,103.105.60.38
192.168.107.96,222.186.181.190
192.168.107.96,117.88.120.110
192.168.107.229,219.144.91.227
192.168.107.229,219.144.91.233
192.168.107.229,219.144.91.231
192.168.107.96,219.144.91.227
192.168.107.96,219.144.91.231
192.168.107.220,192.168.107.186
192.168.107.220,192.168.107.239
192.168.107.220,192.168.107.59
192.168.107.20,117.68.25.62
192.168.107.220,192.168.107.99
192.168.107.220,192.168.107.64
192.168.107.48,23.0.24.206
192.168.107.91,42.202.208.241
192.168.107.91,23.218.224.154
192.168.107.91,61.147.108.254
192.168.107.91,1.192.193.146
192.168.107.91,119.0.66.118
192.168.107.220,116.53.37.65
192.168.107.220,116.53.37.68
192.168.107.220,115.238.201.80
192.168.107.91,171.8.167.44
192.168.107.91,1.192.194.198
192.168.107.96,175.27.43.203
192.168.107.124,103.28.8.84
192.168.107.20,119.0.66.118
192.168.107.20,101.199.253.61
192.168.107.20,42.81.96.139
192.168.107.181,123.151.48.171
192.168.107.91,42.81.96.138
192.168.107.91,180.213.251.231
192.168.107.220,10.26.23.130
192.168.107.20,109.244.169.60
192.168.107.20,103.28.8.213
192.168.107.20,103.28.8.54
192.168.107.20,118.25.86.202
192.168.107.200,104.123.71.136
192.168.107.200,42.81.96.138
192.168.107.200,219.144.91.202
192.168.107.200,219.144.91.227
192.168.107.200,219.144.91.204
192.168.107.48,103.74.50.133
192.168.107.48,220.181.33.17
192.168.107.96,42.81.215.115
192.168.107.20,36.25.253.109
192.168.107.20,183.134.45.131
192.168.107.20,182.40.24.58
192.168.107.20,114.215.201.167
192.168.107.220,104.71.183.96
192.168.107.20,60.188.118.242
192.168.107.96,117.68.25.69
192.168.107.181,104.123.71.154
192.168.107.200,104.123.71.154
192.168.107.91,103.28.8.206
192.168.107.20,117.89.177.154
192.168.107.48,23.209.116.35
192.168.107.200,23.209.116.11
192.168.107.99,23.209.116.11
192.168.107.20,117.89.177.159
192.168.107.20,183.47.121.90
192.168.107.96,42.202.208.243
192.168.107.96,42.202.208.241
192.168.107.96,124.236.72.30
192.168.107.96,42.202.208.244
192.168.107.96,42.99.20.225
192.168.107.96,124.236.72.35
192.168.107.96,42.99.16.170
192.168.107.96,119.0.66.118
192.168.107.220,49.7.115.41
192.168.107.48,180.213.251.235
192.168.107.48,180.213.251.232
192.168.107.96,42.202.208.248
192.168.107.91,180.213.251.236
192.168.107.124,116.162.172.141
192.168.107.20,182.40.24.126
192.168.107.124,101.199.253.22
192.168.107.96,36.111.198.107
192.168.107.181,104.123.71.136
192.168.107.91,203.208.43.97
192.168.107.91,220.181.174.2
192.168.107.20,103.28.8.23
192.168.107.20,124.236.26.167
192.168.107.91,42.202.208.242
192.168.107.91,101.198.3.25
192.168.107.91,103.28.8.98
192.168.107.91,101.199.253.2
192.168.107.91,1.192.194.145
192.168.107.124,103.28.8.37
192.168.107.96,183.232.249.206
192.168.107.96,111.38.37.44
192.168.107.96,221.181.168.56
192.168.107.96,60.18.196.200
192.168.107.96,221.181.168.43
192.168.107.96,43.248.79.96
192.168.107.96,120.241.46.204
192.168.107.48,23.58.85.85
192.168.107.99,23.58.85.85
192.168.107.181,23.58.85.69
192.168.107.200,23.58.85.69
192.168.107.96,49.7.116.47
192.168.107.200,23.58.85.85
192.168.107.91,124.236.30.242
192.168.107.99,192.168.107.63
192.168.107.20,123.184.27.199
192.168.107.91,159.100.250.151
192.168.107.91,103.28.8.85
192.168.107.20,121.36.2.168
192.168.107.99,219.144.91.213
192.168.107.99,219.144.91.224
192.168.107.99,123.184.28.43
192.168.107.20,47.75.119.74
192.168.107.48,117.89.177.159
192.168.107.20,183.47.118.145
192.168.107.20,203.208.43.97
192.168.107.20,220.181.174.2
192.168.107.181,23.58.85.85
192.168.107.48,23.58.85.69
192.168.107.96,123.184.27.241
192.168.107.91,124.236.30.248
192.168.107.99,222.186.181.252
192.168.107.48,222.186.183.59
192.168.107.91,103.28.8.104
192.168.107.124,103.28.8.67
192.168.107.91,103.28.8.198
192.168.107.91,120.46.140.218
192.168.107.99,23.58.85.69
192.168.107.20,103.28.8.7
192.168.107.20,42.81.247.1
192.168.107.20,150.138.218.213
192.168.107.20,36.110.220.110
192.168.107.200,183.47.124.77
192.168.107.48,180.102.49.55
192.168.107.200,124.236.26.161
192.168.107.124,36.110.237.31
192.168.107.124,117.68.25.13
192.168.107.20,183.47.121.199
192.168.107.91,124.95.191.60
192.168.107.91,103.28.8.194
192.168.107.124,1.192.137.29
192.168.107.124,192.168.107.64
192.168.107.96,192.168.107.64
192.168.107.124,103.28.8.24
192.168.107.124,101.199.253.115
192.168.107.96,114.230.213.89
192.168.107.181,223.247.65.230
192.168.107.181,223.247.65.222
192.168.107.20,123.184.27.241
192.168.107.99,23.59.252.193
192.168.107.181,23.59.252.193
192.168.107.48,23.59.252.193
192.168.107.200,23.59.252.193
192.168.107.91,103.28.8.4
192.168.107.99,223.247.65.229
192.168.107.124,36.110.240.73
192.168.107.220,119.0.66.118
192.168.107.91,121.36.101.29
192.168.107.91,124.239.162.177
192.168.107.20,222.186.183.60
192.168.107.91,103.28.8.70
192.168.107.96,123.184.27.199
192.168.107.99,23.62.46.80
192.168.107.200,23.62.46.80
192.168.107.48,23.62.46.71
192.168.107.181,23.62.46.80
192.168.107.20,222.186.181.251
192.168.107.99,117.68.20.154
192.168.107.91,180.76.198.77
192.168.107.20,123.184.27.125
192.168.107.91,103.28.8.37
192.168.107.181,180.102.58.221
192.168.107.91,103.28.8.51
192.168.107.200,36.110.220.110
192.168.107.91,1.192.137.4
192.168.107.220,1.198.4.171
192.168.107.91,101.199.253.87
192.168.107.96,114.230.213.87
192.168.107.91,1.192.136.145
192.168.107.20,123.184.28.40
192.168.107.181,116.162.172.141
192.168.107.220,10.26.23.157
192.168.107.48,184.30.148.68
192.168.107.200,184.30.148.70
192.168.107.181,184.30.148.68
192.168.107.99,184.30.148.68
192.168.107.91,103.28.8.6
192.168.107.91,220.181.127.235
192.168.107.200,23.204.146.160
192.168.107.200,23.204.146.163
192.168.107.20,103.28.8.6
192.168.107.124,103.28.8.4
192.168.107.181,106.39.206.70
192.168.107.99,104.123.71.73
192.168.107.200,104.123.71.73
192.168.107.181,104.123.71.74
192.168.107.48,104.123.71.73
192.168.107.124,123.151.48.193
192.168.107.20,123.184.27.242
192.168.107.96,223.247.65.226
192.168.107.48,23.220.73.210
192.168.107.181,23.220.73.210
192.168.107.200,23.220.73.196
192.168.107.20,103.28.8.210
192.168.107.124,1.192.137.12
192.168.107.229,23.204.146.160
192.168.107.20,106.116.172.98
192.168.107.20,121.36.50.4
192.168.107.96,222.186.183.57
192.168.107.229,10.28.12.57
192.168.107.96,219.144.91.235
192.168.107.91,1.192.136.141
192.168.107.20,180.153.202.85
192.168.107.229,123.125.244.59
192.168.107.91,106.8.157.244
192.168.107.181,180.153.202.85
192.168.107.20,23.33.32.34
192.168.107.48,23.33.32.34
192.168.107.99,23.33.32.34
192.168.107.48,23.213.230.7
192.168.107.91,101.199.253.25
192.168.107.96,124.237.208.37
192.168.107.96,124.239.243.38
192.168.107.96,124.237.208.36
192.168.107.48,23.213.230.16
192.168.107.181,222.94.109.164
192.168.107.181,117.68.25.83
192.168.107.91,101.199.253.12
192.168.107.91,101.199.253.41
192.168.107.96,42.81.22.240
192.168.107.96,180.76.76.200
192.168.107.96,113.24.226.72
192.168.107.96,124.239.243.46
192.168.107.96,42.81.93.35
192.168.107.96,36.110.192.178
192.168.107.20,103.28.8.206
192.168.107.96,114.233.33.43
192.168.107.96,114.233.194.182
192.168.107.96,222.190.197.17
192.168.107.96,114.233.159.160
192.168.107.96,49.85.37.43
192.168.107.96,114.233.123.89
192.168.107.229,109.244.210.162
192.168.107.229,109.244.209.70
192.168.107.96,124.239.243.48
192.168.107.99,223.247.65.206
192.168.107.91,103.28.8.69
192.168.107.20,103.28.8.68
192.168.107.20,23.199.34.9
192.168.107.96,140.249.29.45
192.168.107.48,150.138.43.7
192.168.107.96,49.87.90.144
192.168.107.96,124.237.99.7
192.168.107.96,144.123.10.185
192.168.107.96,117.94.245.6
192.168.107.96,114.231.195.106
192.168.107.96,106.35.151.89
192.168.107.96,117.87.144.15
192.168.107.96,180.126.195.11
192.168.107.96,114.237.229.83
192.168.107.96,49.71.143.77
192.168.107.96,58.42.20.33
192.168.107.91,42.81.22.245
192.168.107.91,1.192.194.195
192.168.107.48,23.10.206.162
192.168.107.200,23.199.47.136
192.168.107.20,23.199.47.141
192.168.107.99,23.199.47.135
192.168.107.48,23.199.47.136
192.168.107.181,23.199.47.135
192.168.107.20,1.192.136.145
192.168.107.96,220.181.107.240
192.168.107.96,1.198.4.171
192.168.107.91,103.28.8.100
192.168.107.220,1.180.214.245
192.168.107.20,180.102.49.55
192.168.107.91,1.192.194.203
192.168.107.91,103.28.8.86
192.168.107.229,106.75.95.229
192.168.107.229,124.239.13.231
192.168.107.229,124.239.13.233
192.168.107.229,203.107.45.72
192.168.107.229,47.105.42.152
192.168.107.229,124.239.13.226
192.168.107.229,124.239.13.228
192.168.107.181,106.39.206.25
192.168.107.181,219.144.91.233
192.168.107.181,219.144.91.211
192.168.107.181,219.144.91.205
192.168.107.96,117.68.52.46
192.168.107.96,111.225.213.35
192.168.107.20,103.28.8.201
192.168.107.48,23.72.90.20
192.168.107.20,23.72.90.20
192.168.107.200,23.72.90.20
192.168.107.181,23.72.90.24
192.168.107.99,23.72.90.24
192.168.107.91,1.192.192.178
192.168.107.91,103.28.8.68
192.168.107.91,1.192.136.173
192.168.107.20,101.199.253.19
192.168.107.20,118.182.252.7
192.168.107.99,3.5.20.136
192.168.107.20,150.138.43.10
192.168.107.20,42.81.118.33
192.168.107.20,58.220.72.129
192.168.107.20,61.151.231.157
192.168.107.181,23.218.224.135
192.168.107.48,119.29.29.98
192.168.107.181,23.218.224.134
192.168.107.20,23.218.224.134
192.168.107.48,23.218.224.134
192.168.107.200,23.218.224.139
192.168.107.99,23.218.224.134
192.168.107.99,180.102.49.55
192.168.107.99,203.119.175.213
192.168.107.96,27.185.227.120
192.168.107.99,117.68.25.16
192.168.107.99,219.144.91.227
192.168.107.99,219.144.91.231
192.168.107.99,23.217.118.204
192.168.107.91,42.202.208.250
192.168.107.48,23.218.224.138
192.168.107.20,23.218.224.148
192.168.107.181,23.218.224.147
192.168.107.200,23.218.224.148
192.168.107.99,23.218.224.139
192.168.107.96,223.247.65.225
192.168.107.20,36.110.231.54
192.168.107.99,222.186.183.58
192.168.107.91,1.192.193.242
192.168.107.91,101.199.253.22
192.168.107.20,23.63.243.97
192.168.107.48,23.63.243.89
192.168.107.200,23.63.243.89
192.168.107.99,23.63.243.89
192.168.107.91,36.99.172.154
192.168.107.96,222.186.183.58
192.168.107.96,150.138.173.132
192.168.107.96,223.247.65.235
192.168.107.91,182.40.32.244
192.168.107.48,1.180.214.245
192.168.107.20,104.79.0.10
192.168.107.200,23.212.59.50
192.168.107.99,104.79.0.50
192.168.107.48,23.212.59.56
192.168.107.181,104.79.0.50
192.168.107.48,104.79.0.50
192.168.107.20,123.151.48.193
192.168.107.48,104.79.0.10
192.168.107.200,23.214.95.203
192.168.107.124,1.192.136.143
192.168.107.20,23.214.95.200
192.168.107.200,23.213.230.16
192.168.107.20,101.199.253.76
192.168.107.91,1.192.193.246
192.168.107.229,23.213.230.16
192.168.107.229,175.27.6.18
192.168.107.124,36.110.231.37
192.168.107.91,121.36.106.50
192.168.107.229,10.21.255.19
192.168.107.91,103.28.8.99
192.168.107.99,91.189.91.83
192.168.107.99,91.189.91.82
192.168.107.96,223.247.65.227
192.168.107.96,219.144.91.232
192.168.107.48,23.59.155.33
192.168.107.200,23.216.147.61
192.168.107.181,23.216.147.78
192.168.107.20,23.216.147.78
192.168.107.48,23.216.147.78
192.168.107.99,23.216.147.61
192.168.107.99,192.168.107.199
192.168.107.96,106.116.131.136
192.168.107.20,103.28.8.198
192.168.107.48,23.48.32.42
192.168.107.99,23.48.32.40
192.168.107.20,23.48.32.40
192.168.107.181,23.48.32.42
192.168.107.48,123.184.27.56
192.168.107.229,39.107.180.154
192.168.107.229,152.195.38.76
192.168.107.229,116.130.221.63
192.168.107.229,119.36.33.104
192.168.107.229,221.204.165.214
192.168.107.91,121.36.2.168
192.168.107.20,23.217.118.214
192.168.107.181,23.217.118.204
192.168.107.48,23.217.118.204
192.168.107.99,23.217.118.214
192.168.107.91,36.110.231.37
192.168.107.99,223.247.65.228
192.168.107.99,222.186.181.247
192.168.107.99,223.247.65.226
192.168.107.124,192.168.107.50
192.168.107.96,192.168.107.50
192.168.107.96,182.40.24.60
192.168.107.20,23.217.118.204
192.168.107.181,23.217.118.214
192.168.107.91,101.199.253.34
192.168.107.48,203.208.49.2
192.168.107.96,10.26.22.220
192.168.107.220,47.93.212.110
192.168.107.220,192.168.107.50
192.168.107.220,23.208.42.47
192.168.107.48,42.81.118.33
192.168.107.20,23.217.118.19
192.168.107.48,23.217.118.19
192.168.107.181,23.217.118.53
192.168.107.99,23.217.118.53
192.168.107.20,23.209.84.11
192.168.107.20,23.209.84.71
192.168.107.91,103.28.8.106
192.168.107.91,106.8.157.241
192.168.107.124,103.28.8.198
192.168.107.91,120.46.83.0
192.168.107.20,103.28.8.211
192.168.107.181,23.209.84.11
192.168.107.48,23.209.84.71
192.168.107.99,23.209.84.71
192.168.107.91,103.28.8.24
192.168.107.229,23.209.84.71
192.168.107.99,192.168.107.248
192.168.107.96,10.26.22.154
192.168.107.220,27.185.227.120
192.168.107.20,42.81.102.220
192.168.107.20,42.81.102.217
192.168.107.99,219.144.91.222
192.168.107.220,152.199.38.90
192.168.107.20,23.219.78.171
192.168.107.91,1.192.192.173
192.168.107.96,219.144.91.202
192.168.107.96,219.144.91.205
192.168.107.96,123.184.27.179
192.168.107.91,220.181.127.236
192.168.107.20,104.86.245.126
192.168.107.48,23.199.47.141
192.168.107.181,23.199.47.141
192.168.107.20,23.199.47.135
192.168.107.99,23.199.47.141
192.168.107.48,23.199.47.135
192.168.107.181,103.41.167.235
192.168.107.91,123.161.58.70
192.168.107.91,39.107.182.200
192.168.107.20,103.28.8.101
192.168.107.229,23.199.47.141
192.168.107.181,117.68.25.16
192.168.107.229,121.229.88.157
192.168.107.91,101.199.253.62
192.168.107.124,103.28.8.69
192.168.107.91,103.28.8.8
192.168.107.181,106.39.206.21
192.168.107.181,182.106.149.1
192.168.107.200,72.246.244.153
192.168.107.200,42.81.156.162
192.168.107.229,109.244.199.215
192.168.107.229,61.179.224.226
192.168.107.99,222.186.183.62
192.168.107.99,219.144.91.207
192.168.107.99,219.144.91.203
192.168.107.181,72.246.244.152
192.168.107.20,72.246.244.152
192.168.107.48,72.246.244.153
192.168.107.99,72.246.244.152
192.168.107.181,49.7.69.220
192.168.107.181,36.99.122.6
192.168.107.181,49.7.69.238
192.168.107.181,180.153.33.10
192.168.107.181,49.7.69.202
192.168.107.181,36.99.86.199
192.168.107.181,140.249.30.138
192.168.107.181,150.138.173.132
192.168.107.181,61.129.248.55
192.168.107.181,220.181.135.137
192.168.107.181,106.38.242.112
192.168.107.181,42.81.120.9
192.168.107.181,43.254.147.126
192.168.107.181,103.254.188.41
192.168.107.181,106.38.242.126
192.168.107.181,106.38.242.121
192.168.107.181,144.7.109.84
192.168.107.181,117.184.39.185
192.168.107.20,23.219.78.182
192.168.107.96,49.7.20.53
192.168.107.91,1.192.194.202
192.168.107.48,47.92.51.40
192.168.107.99,47.92.51.40
192.168.107.220,47.92.51.40
192.168.107.124,47.92.51.40
192.168.107.181,47.92.51.40
192.168.107.200,47.92.51.40
192.168.107.96,47.92.51.40
192.168.107.91,47.92.51.40
192.168.107.48,23.215.102.40
192.168.107.20,23.215.102.40
192.168.107.200,23.215.102.40
192.168.107.99,23.215.102.40
192.168.107.181,23.215.102.40
192.168.107.20,111.180.137.90
192.168.107.20,117.88.120.18
192.168.107.99,192.168.107.78
192.168.107.229,23.215.102.40
192.168.107.181,180.102.49.55
192.168.107.200,23.215.102.41
192.168.107.96,219.144.91.201
192.168.107.96,219.144.91.209
192.168.107.20,103.28.8.82
192.168.107.229,47.92.51.40
192.168.107.96,117.68.25.13
192.168.107.48,23.215.102.41
192.168.107.91,111.180.137.90
192.168.107.96,58.215.92.84
192.168.107.91,1.192.195.113
192.168.107.96,123.184.27.136
192.168.107.91,1.192.194.199
192.168.107.20,23.215.102.41
192.168.107.181,61.151.231.157
192.168.107.96,111.180.137.90
192.168.107.91,101.199.253.4
192.168.107.91,1.192.192.181
192.168.107.229,116.211.207.83
192.168.107.229,116.211.207.30
192.168.107.229,116.211.207.76
192.168.107.229,219.144.91.215
192.168.107.229,116.211.207.114
192.168.107.229,219.144.91.203
192.168.107.91,106.8.157.239
192.168.107.91,124.236.30.239
192.168.107.96,42.81.98.35
192.168.107.96,140.249.242.153
192.168.107.96,27.185.233.149
192.168.107.96,36.99.86.60
192.168.107.20,58.215.114.233
192.168.107.20,180.163.150.161
192.168.107.20,220.181.127.252
192.168.107.20,61.130.25.229
192.168.107.20,39.105.103.255
192.168.107.229,36.99.200.188
192.168.107.229,123.184.27.125
192.168.107.99,222.186.181.248
192.168.107.20,124.95.191.60
192.168.107.220,203.208.50.33
192.168.107.229,36.99.86.106
192.168.107.20,117.68.25.83
192.168.107.20,23.215.102.112
192.168.107.181,23.215.102.91
192.168.107.200,23.215.102.91
192.168.107.48,23.215.102.112
192.168.107.99,23.215.102.91
192.168.107.99,123.184.27.125
192.168.107.200,106.116.131.134
192.168.107.20,36.99.200.62
192.168.107.96,219.144.91.222
192.168.107.96,219.144.91.219
192.168.107.20,23.67.33.86
192.168.107.200,23.67.33.86
192.168.107.20,122.114.89.179
192.168.107.20,122.114.8.184
192.168.107.20,8.134.116.55
192.168.107.20,118.31.164.155
192.168.107.181,106.38.242.114
192.168.107.181,144.7.109.81
192.168.107.181,106.38.242.117
192.168.107.181,47.95.127.38
192.168.107.181,220.181.43.102
192.168.107.20,222.186.181.252
192.168.107.91,175.178.46.188
192.168.107.96,150.138.173.107
192.168.107.124,103.28.8.23
192.168.107.181,184.28.50.169
192.168.107.200,184.28.50.169
192.168.107.20,184.28.50.154
192.168.107.48,184.28.50.154
192.168.107.99,184.28.50.169
192.168.107.229,109.244.199.168
192.168.107.96,59.63.226.30
192.168.107.48,184.28.50.169
192.168.107.200,184.28.50.154
192.168.107.124,1.192.136.4
192.168.107.220,36.99.86.241
192.168.107.220,150.138.190.6
192.168.107.200,180.163.54.121
192.168.107.200,123.182.51.211
192.168.107.200,180.163.203.55
192.168.107.200,120.79.103.155
192.168.107.200,180.163.54.67
192.168.107.200,106.14.169.88
192.168.107.200,42.202.208.244
192.168.107.200,180.163.203.14
192.168.107.200,106.15.49.34
192.168.107.200,220.181.158.225
192.168.107.200,101.133.169.157
192.168.107.200,36.104.139.103
192.168.107.200,47.103.21.128
192.168.107.200,220.181.158.231
192.168.107.200,106.38.242.121
192.168.107.200,180.163.203.37
192.168.107.200,47.100.62.160
192.168.107.200,101.133.168.165
192.168.107.200,152.199.38.90
192.168.107.200,106.38.242.118
192.168.107.200,180.163.202.18
192.168.107.200,192.168.107.170
192.168.107.200,192.168.107.24
192.168.107.96,114.80.156.215
192.168.107.200,106.38.242.126
192.168.107.91,110.43.81.79
192.168.107.200,59.36.92.91
192.168.107.91,123.249.95.84
192.168.107.181,92.123.213.91
192.168.107.48,92.123.213.155
192.168.107.99,92.123.213.155
192.168.107.20,92.123.213.91
192.168.107.200,92.123.213.91
192.168.107.96,183.47.114.216
192.168.107.96,121.51.49.158
192.168.107.181,117.88.120.18
192.168.107.200,58.216.15.165
192.168.107.200,220.181.158.232
192.168.107.229,23.206.188.212
192.168.107.20,106.120.164.214
192.168.107.20,58.218.206.214
192.168.107.181,222.186.183.59
192.168.107.99,219.144.91.230
192.168.107.99,219.144.91.228
192.168.107.181,23.206.188.212
192.168.107.48,23.206.188.212
192.168.107.99,23.206.188.211
192.168.107.20,23.206.188.212
192.168.107.48,23.65.242.111
192.168.107.200,23.206.188.212
192.168.107.181,23.65.242.111
192.168.107.91,43.132.149.93
192.168.107.91,121.5.123.190
192.168.107.181,159.226.227.208
192.168.107.181,220.181.43.101
192.168.107.181,159.226.227.209
192.168.107.181,159.226.227.207
192.168.107.96,42.202.155.215
192.168.107.96,175.6.201.213
192.168.107.48,58.220.65.19
192.168.107.48,124.17.1.253
192.168.107.48,103.20.128.98
192.168.107.48,103.20.128.99
192.168.107.48,124.239.244.229
192.168.107.91,58.218.206.214
192.168.107.181,117.89.177.154
192.168.107.96,219.144.91.221
192.168.107.96,219.144.91.214
192.168.107.48,23.206.188.211
192.168.107.229,101.91.37.39
192.168.107.229,23.206.188.211
192.168.107.229,1.14.237.111
192.168.107.229,219.144.91.205
192.168.107.229,219.144.91.232
192.168.107.229,117.68.25.83
192.168.107.20,23.206.188.211
192.168.107.96,14.116.241.56
192.168.107.181,117.68.25.47
192.168.107.96,117.25.139.73
192.168.107.96,140.249.30.78
192.168.107.96,150.138.204.208
192.168.107.96,36.99.200.134
192.168.107.48,42.81.102.217
192.168.107.96,42.81.192.183
192.168.107.96,175.27.9.126
192.168.107.200,23.206.188.211
192.168.107.181,117.68.25.53
192.168.107.200,113.24.226.72
192.168.107.200,180.76.76.200
192.168.107.96,123.151.48.117
192.168.107.96,58.216.96.38
192.168.107.96,36.99.86.118
192.168.107.96,58.216.96.32
192.168.107.96,58.216.96.14
192.168.107.96,182.40.24.121
192.168.107.96,61.151.234.160
192.168.107.200,36.110.192.178
192.168.107.96,61.147.84.43
192.168.107.96,1.71.163.1
192.168.107.200,42.81.98.35
192.168.107.96,150.138.204.218
192.168.107.96,42.81.194.117
192.168.107.91,101.199.253.18
192.168.107.200,220.181.107.169
192.168.107.200,124.239.243.46
192.168.107.91,1.192.136.144
192.168.107.20,103.28.8.4
192.168.107.20,180.163.247.35
192.168.107.200,169.61.27.133
192.168.107.48,58.220.72.129
192.168.107.48,42.81.102.108
192.168.107.48,42.81.102.220
192.168.107.181,36.110.220.110
192.168.107.99,223.247.65.204
192.168.107.229,23.219.78.171
192.168.107.96,81.70.136.143
192.168.107.20,117.68.25.16
192.168.107.99,93.184.216.34
192.168.107.48,117.68.25.62
192.168.107.229,180.101.241.60
192.168.107.229,222.94.109.83
192.168.107.48,220.181.127.241
192.168.107.48,123.184.27.245
192.168.107.229,223.247.65.217
192.168.107.229,223.247.65.236
192.168.107.20,23.220.73.196
192.168.107.181,220.181.174.197
192.168.107.20,47.100.0.43
192.168.107.48,23.195.232.209
192.168.107.48,20.231.121.79
192.168.107.48,104.68.118.124
192.168.107.229,219.144.91.230
192.168.107.20,220.181.107.189
192.168.107.20,1.180.18.85
192.168.107.20,23.220.73.210
192.168.107.229,23.220.73.210
192.168.107.124,101.199.113.109
192.168.107.99,23.220.73.196
192.168.107.229,219.144.91.214
192.168.107.181,122.227.201.2
192.168.107.20,23.33.32.27
192.168.107.229,60.188.99.6
192.168.107.20,36.99.86.106
192.168.107.200,169.61.27.132
192.168.107.200,3.230.185.113
192.168.107.99,219.144.91.212
192.168.107.229,23.55.103.43
192.168.107.48,23.55.103.64
192.168.107.48,23.2.228.139
192.168.107.99,23.200.36.62
192.168.107.200,23.200.36.62
192.168.107.48,23.200.36.41
192.168.107.181,23.200.36.62
192.168.107.48,223.247.65.231
192.168.107.48,223.247.65.228
192.168.107.200,23.55.103.64
192.168.107.181,23.55.103.43
192.168.107.99,23.55.103.64
192.168.107.96,106.116.172.1
192.168.107.96,192.168.107.95
192.168.107.124,192.168.107.95
192.168.107.99,123.184.27.245
192.168.107.99,219.144.91.232
192.168.107.99,219.144.91.233
192.168.107.200,184.50.26.34
192.168.107.181,104.123.67.51
192.168.107.48,104.123.67.51
192.168.107.99,104.123.67.51
192.168.107.200,104.123.67.51
192.168.107.200,43.137.221.209
192.168.107.200,175.27.57.28
192.168.107.200,223.247.65.230
192.168.107.200,223.247.65.219
192.168.107.200,43.137.214.108
192.168.107.200,219.144.91.209
192.168.107.200,23.215.102.112
192.168.107.220,10.26.23.158
192.168.107.99,23.214.95.203
192.168.107.229,223.247.65.203
192.168.107.181,23.214.95.203
192.168.107.99,219.144.91.215
192.168.107.99,219.144.91.218
192.168.107.48,3.230.185.113
192.168.107.124,1.192.136.173
192.168.107.181,125.74.42.43
192.168.107.181,124.239.243.43
192.168.107.220,150.138.190.7
192.168.107.200,119.147.19.225
192.168.107.200,183.47.121.90
192.168.107.200,119.147.19.143
192.168.107.99,223.247.65.205
192.168.107.48,219.144.91.235
192.168.107.200,223.247.65.217
192.168.107.200,223.247.65.236
192.168.107.48,150.138.190.129
192.168.107.181,69.192.82.184
192.168.107.99,222.186.183.60
192.168.107.229,221.204.165.234
192.168.107.200,223.247.65.218
192.168.107.200,52.217.45.196
192.168.107.99,23.67.33.76
192.168.107.229,223.247.65.226
192.168.107.229,119.188.60.138
192.168.107.48,23.217.118.147
192.168.107.99,23.217.118.147
192.168.107.181,23.217.118.140
192.168.107.200,23.217.118.147
192.168.107.200,72.246.244.152
192.168.107.48,72.246.244.152
192.168.107.181,72.246.244.153
192.168.107.48,23.34.42.209
192.168.107.99,23.204.146.163
192.168.107.99,223.247.65.235
192.168.107.48,223.247.65.222
192.168.107.48,223.247.65.218
192.168.107.181,23.2.228.139
192.168.107.48,36.110.220.110
192.168.107.220,23.2.228.139
192.168.107.20,23.204.146.160
192.168.107.20,203.205.235.151
192.168.107.20,120.233.23.111
192.168.107.20,220.181.174.226
192.168.107.20,223.247.65.221
192.168.107.20,223.247.65.227
192.168.107.20,223.247.65.219
192.168.107.20,223.247.65.237
192.168.107.96,124.239.243.35
192.168.107.20,23.204.146.163
192.168.107.229,23.204.146.163
192.168.107.229,203.205.235.151
192.168.107.200,52.70.214.86
192.168.107.20,23.58.85.85
192.168.107.200,23.223.158.49
192.168.107.99,2.22.241.8
192.168.107.181,2.22.241.49
192.168.107.48,23.223.158.49
192.168.107.20,2.22.241.49
192.168.107.48,104.78.234.98
192.168.107.200,223.247.65.220
192.168.107.200,223.247.65.231
192.168.107.229,2.22.241.8
192.168.107.48,117.68.25.13
192.168.107.48,121.51.180.14
192.168.107.229,23.217.118.140
192.168.107.181,23.217.118.147
192.168.107.20,23.217.118.147
192.168.107.200,23.217.118.140
192.168.107.20,150.138.36.77
192.168.107.181,111.180.137.90
192.168.107.96,192.168.107.209
192.168.107.124,192.168.107.209
192.168.107.99,72.246.244.153
192.168.107.181,140.249.44.1
192.168.107.181,60.188.99.7
192.168.107.20,110.249.194.76
192.168.107.20,23.214.95.203
192.168.107.20,52.142.223.178
192.168.107.20,104.71.152.212
192.168.107.20,140.249.85.190
192.168.107.20,36.99.170.12
192.168.107.20,1.192.137.12
192.168.107.20,180.163.246.73
192.168.107.20,139.9.43.42
192.168.107.20,150.138.234.115
192.168.107.20,103.28.8.197
192.168.107.20,13.225.103.40
192.168.107.20,180.163.237.29
192.168.107.20,1.192.194.147
192.168.107.20,101.199.253.10
192.168.107.20,36.110.215.239
192.168.107.20,36.110.234.17
192.168.107.20,171.8.167.71
192.168.107.20,43.255.226.106
192.168.107.20,1.192.136.140
192.168.107.20,58.222.29.185
192.168.107.20,210.52.217.139
192.168.107.20,42.81.247.8
192.168.107.99,23.217.118.140
192.168.107.20,23.217.118.140
192.168.107.48,23.217.118.140
192.168.107.48,23.215.254.128
192.168.107.20,36.110.237.230
192.168.107.20,103.28.8.85
192.168.107.200,124.239.243.35
192.168.107.20,1.192.136.144
192.168.107.20,180.163.222.111
192.168.107.20,54.76.137.57
192.168.107.20,54.255.187.139
192.168.107.20,104.192.108.154
192.168.107.20,123.6.47.163
192.168.107.20,1.192.137.89
192.168.107.20,103.28.8.131
192.168.107.20,36.110.237.138
192.168.107.20,103.28.8.106
192.168.107.20,101.199.253.35
192.168.107.20,36.99.172.44
192.168.107.20,103.28.8.202
192.168.107.220,184.30.170.202
192.168.107.220,180.163.151.161
192.168.107.220,220.181.174.197
192.168.107.48,184.30.170.202
192.168.107.20,23.219.78.208
192.168.107.124,103.28.8.8
192.168.107.20,115.238.201.83
192.168.107.220,49.7.116.46
192.168.107.20,103.28.8.8
192.168.107.220,23.215.254.128
192.168.107.48,111.180.137.90
192.168.107.20,103.28.8.18
192.168.107.181,20.219.237.180
192.168.107.181,111.180.137.94
192.168.107.181,115.238.201.80
192.168.107.20,103.28.8.87
192.168.107.200,183.47.110.221
192.168.107.181,58.220.72.139
192.168.107.200,184.26.43.82
192.168.107.48,184.26.43.73
192.168.107.20,184.26.43.73
192.168.107.181,184.26.43.73
192.168.107.99,184.26.43.73
192.168.107.220,42.81.118.27
192.168.107.181,180.163.150.161
192.168.107.181,220.181.174.66
192.168.107.124,36.110.231.54
192.168.107.20,101.198.2.196
192.168.107.20,103.28.8.203
192.168.107.200,184.26.43.73
192.168.107.20,184.26.43.82
192.168.107.220,115.238.201.82
192.168.107.220,58.216.95.108
192.168.107.220,42.81.118.62
192.168.107.220,221.229.167.164
192.168.107.48,23.193.186.39
192.168.107.181,23.193.186.39
192.168.107.20,23.193.186.39
192.168.107.99,23.193.186.39
192.168.107.200,23.193.186.29
192.168.107.181,23.220.70.69
192.168.107.20,23.220.70.69
192.168.107.200,23.220.70.80
192.168.107.48,23.220.70.69
192.168.107.99,23.220.70.80
192.168.107.99,96.7.244.139
192.168.107.181,96.7.244.139
192.168.107.20,96.7.244.134
192.168.107.48,96.7.244.139
192.168.107.200,96.7.244.134
192.168.107.229,61.213.189.201
192.168.107.20,58.222.29.187
192.168.107.200,61.213.189.203
192.168.107.20,61.213.189.203
192.168.107.20,101.199.253.36
192.168.107.20,111.180.137.94
192.168.107.20,23.33.33.122
192.168.107.220,113.125.197.102
192.168.107.220,111.180.137.90
192.168.107.200,23.33.33.122
192.168.107.20,23.33.33.210
192.168.107.20,124.236.64.100
192.168.107.20,150.138.218.224
192.168.107.20,123.161.58.70
192.168.107.20,124.236.64.221
192.168.107.20,123.161.58.92
192.168.107.20,123.161.58.111
192.168.107.20,150.138.218.194
192.168.107.20,150.138.218.209
192.168.107.20,106.116.131.138
192.168.107.20,106.116.131.137
192.168.107.20,111.227.116.1
192.168.107.20,115.238.201.80
192.168.107.229,23.33.33.122
192.168.107.181,58.220.43.84
192.168.107.20,23.59.252.200
192.168.107.200,23.59.252.200
192.168.107.99,23.59.252.200
192.168.107.20,103.28.8.21
192.168.107.20,103.28.8.35
192.168.107.20,180.163.242.64
192.168.107.181,220.181.174.130
192.168.107.20,103.28.8.104
192.168.107.48,219.144.91.222
192.168.107.20,23.59.252.193
192.168.107.48,23.59.252.200
192.168.107.181,23.59.252.200
192.168.107.229,23.59.252.200
192.168.107.99,3.230.185.113
192.168.107.220,106.116.131.134
192.168.107.220,220.181.174.130
192.168.107.124,103.28.8.9
192.168.107.48,223.247.65.230
192.168.107.48,223.247.65.235
192.168.107.48,223.247.65.206
192.168.107.20,23.67.33.76
192.168.107.20,103.28.8.107
192.168.107.91,101.199.253.115
192.168.107.91,1.192.137.12
192.168.107.91,101.199.253.19
192.168.107.91,23.67.33.86
192.168.107.91,220.181.174.197
192.168.107.48,106.116.172.1
192.168.107.91,103.28.8.199
192.168.107.91,150.138.218.194
192.168.107.91,36.110.240.73
192.168.107.48,23.44.229.213
192.168.107.200,23.44.229.231
192.168.107.91,220.181.174.5
192.168.107.91,114.116.39.220
192.168.107.91,103.28.8.105
192.168.107.91,221.230.245.105
192.168.107.91,61.160.228.241
192.168.107.91,39.105.13.52
192.168.107.91,180.163.251.39
192.168.107.91,103.28.8.200
192.168.107.91,1.192.137.13
192.168.107.91,101.199.253.35
192.168.107.20,103.28.8.200
192.168.107.91,36.99.172.71
192.168.107.48,23.44.229.231
192.168.107.99,23.44.229.213
192.168.107.124,10.26.22.25
192.168.107.91,103.28.8.87
192.168.107.91,119.3.175.27
192.168.107.91,1.192.195.112
192.168.107.124,103.28.8.211
192.168.107.229,96.16.55.110
192.168.107.91,220.181.127.241
192.168.107.91,221.181.72.250
192.168.107.91,103.28.8.211
192.168.107.181,42.81.125.230
192.168.107.91,1.192.136.174
192.168.107.91,36.110.213.230
192.168.107.91,1.71.163.2
192.168.107.91,222.188.6.6
192.168.107.124,103.28.8.196
192.168.107.96,175.27.57.28
192.168.107.96,43.137.221.74
192.168.107.96,219.144.91.218
192.168.107.91,101.199.128.233
192.168.107.91,54.76.137.194
192.168.107.91,210.52.217.28
192.168.107.91,111.7.68.161
192.168.107.91,42.236.43.115
192.168.107.91,54.255.175.10
192.168.107.91,36.110.237.138
192.168.107.91,104.192.108.155
192.168.107.200,23.67.33.218
192.168.107.20,23.67.33.228
192.168.107.48,23.67.33.218
192.168.107.181,23.67.33.228
192.168.107.99,23.67.33.228
192.168.107.91,103.28.8.208
192.168.107.91,122.228.216.157
192.168.107.96,140.249.239.56
192.168.107.200,23.214.112.184
192.168.107.99,23.214.112.144
192.168.107.20,23.214.112.144
192.168.107.48,23.214.112.144
192.168.107.181,23.214.112.186
192.168.107.91,38.60.118.254
192.168.107.48,117.88.120.110
192.168.107.220,54.192.248.99
192.168.107.220,13.224.161.69
192.168.107.220,108.139.4.116
192.168.107.220,54.192.248.124
192.168.107.229,104.114.76.195
192.168.107.229,43.129.255.246
192.168.107.229,43.129.255.26
192.168.107.229,219.144.91.201
192.168.107.20,101.199.253.74
192.168.107.181,117.68.25.62
192.168.107.181,219.144.91.214
192.168.107.181,219.144.91.216
192.168.107.181,219.144.91.220
192.168.107.96,150.138.173.112
192.168.107.181,180.101.241.60
192.168.107.181,23.206.188.201
192.168.107.48,23.206.188.201
192.168.107.200,23.206.188.214
192.168.107.99,23.206.188.201
192.168.107.91,36.110.231.54
192.168.107.96,101.89.47.36
192.168.107.96,117.68.25.47
192.168.107.124,106.39.206.21
192.168.107.96,124.236.64.117
192.168.107.229,8.141.190.230
192.168.107.20,103.28.8.98
192.168.107.48,111.227.116.1
192.168.107.48,122.246.25.87
192.168.107.48,140.249.30.78
192.168.107.48,183.47.106.183
192.168.107.48,183.47.115.21
192.168.107.48,183.47.115.67
192.168.107.96,120.234.108.92
192.168.107.96,219.141.240.182
192.168.107.96,150.138.204.207
192.168.107.48,180.101.241.60
192.168.107.48,104.168.142.191
192.168.107.48,54.81.208.206
192.168.107.91,1.192.136.143
192.168.107.181,222.186.183.60
192.168.107.48,112.126.68.178
192.168.107.200,23.67.33.228
192.168.107.20,117.68.25.47
192.168.107.20,103.105.60.38
192.168.107.48,219.144.91.214
192.168.107.181,23.192.228.14
192.168.107.20,23.192.228.14
192.168.107.48,23.192.228.24
192.168.107.200,23.192.228.14
192.168.107.99,23.192.228.24
192.168.107.124,36.110.231.55
192.168.107.20,222.186.181.247
192.168.107.48,124.236.26.161
192.168.107.229,23.33.184.244
192.168.107.99,123.184.28.40
192.168.107.48,104.86.183.139
192.168.107.48,23.192.228.14
192.168.107.181,23.192.228.24
192.168.107.181,180.101.241.126
192.168.107.48,23.34.172.41
192.168.107.200,23.34.172.64
192.168.107.99,23.34.172.41
192.168.107.181,23.34.172.65
192.168.107.20,23.34.172.65
192.168.107.124,109.244.169.60
192.168.107.99,123.184.57.131
192.168.107.20,140.249.29.45
192.168.107.229,157.255.245.117
192.168.107.200,23.192.228.24
192.168.107.48,123.184.27.15
192.168.107.229,61.54.91.170
192.168.107.99,219.144.91.216
192.168.107.20,101.199.253.38
192.168.107.96,219.144.91.203
192.168.107.181,23.67.33.218
192.168.107.48,123.151.54.165
192.168.107.48,150.138.218.213
192.168.107.91,1.192.136.142
192.168.107.229,61.213.189.203
192.168.107.200,61.213.189.201
192.168.107.48,61.213.189.203
192.168.107.20,42.81.156.163
192.168.107.20,42.81.101.125
192.168.107.20,121.36.74.228
192.168.107.20,219.144.91.233
192.168.107.20,219.144.91.228
192.168.107.20,219.144.91.217
192.168.107.20,219.144.91.216
192.168.107.20,219.144.91.215
192.168.107.20,219.144.91.213
192.168.107.229,117.68.20.154
192.168.107.229,220.181.43.124
192.168.107.20,61.213.189.201
192.168.107.96,140.249.239.47
192.168.107.229,220.181.38.150
192.168.107.96,117.68.25.106
192.168.107.181,117.68.25.106
192.168.107.91,103.28.8.209
192.168.107.91,23.213.230.16
192.168.107.124,103.28.8.87
192.168.107.91,101.199.253.75
192.168.107.20,42.81.156.162
192.168.107.99,23.213.230.7
192.168.107.181,23.213.230.7
192.168.107.20,23.213.230.16
192.168.107.91,103.28.8.84
192.168.107.48,23.218.239.135
192.168.107.124,103.28.8.39
192.168.107.181,184.28.41.39
192.168.107.20,184.28.41.13
192.168.107.48,184.28.41.13
192.168.107.200,184.28.41.13
192.168.107.99,184.28.41.39
192.168.107.48,123.184.27.179
192.168.107.20,123.184.27.72
192.168.107.181,140.249.238.171
192.168.107.48,23.218.239.171
192.168.107.229,1.14.237.120
192.168.107.229,175.27.34.189
192.168.107.229,175.27.34.118
192.168.107.229,175.27.34.156
192.168.107.20,204.79.197.203
192.168.107.20,23.213.230.7
192.168.107.200,23.213.230.7
192.168.107.181,184.28.41.13
192.168.107.20,184.28.41.39
192.168.107.48,184.28.41.39
192.168.107.91,1.71.163.52
192.168.107.229,60.221.17.186
192.168.107.229,36.99.3.35
192.168.107.99,54.81.208.206
192.168.107.48,23.218.239.24
192.168.107.220,1.180.26.129
192.168.107.200,1.71.163.1
192.168.107.200,23.53.122.79
192.168.107.20,23.53.122.79
192.168.107.99,23.53.122.79
192.168.107.48,23.53.122.79
192.168.107.181,23.53.122.76
192.168.107.96,219.144.91.213
192.168.107.96,222.186.183.60
192.168.107.20,103.28.8.204
192.168.107.96,112.53.5.83
192.168.107.96,119.147.15.20
192.168.107.96,101.89.47.176
192.168.107.96,58.144.164.218
192.168.107.96,111.31.205.156
192.168.107.96,116.128.184.206
192.168.107.96,125.39.104.114
192.168.107.96,157.255.209.20
192.168.107.96,113.249.150.235
192.168.107.96,111.10.17.170
192.168.107.181,23.215.247.173
192.168.107.48,104.71.152.212
192.168.107.48,42.81.55.130
192.168.107.96,124.237.212.35
192.168.107.48,23.215.247.173
192.168.107.20,1.192.136.6
192.168.107.99,219.144.91.221
192.168.107.96,219.144.91.228
192.168.107.200,44.215.59.18
192.168.107.99,23.204.147.201
192.168.107.181,23.204.147.201
192.168.107.48,23.204.147.216
192.168.107.200,23.204.147.201
192.168.107.20,23.204.147.216
192.168.107.181,23.204.147.216
192.168.107.99,23.204.147.216
192.168.107.99,184.28.41.89
192.168.107.20,23.58.85.87
192.168.107.99,106.116.131.135
192.168.107.20,184.28.41.89
192.168.107.181,184.28.41.82
192.168.107.200,184.28.41.82
192.168.107.48,184.28.41.89
192.168.107.96,222.186.181.252
192.168.107.200,23.199.47.135
192.168.107.48,150.138.43.68
192.168.107.96,219.144.91.208
192.168.107.96,182.40.24.58
192.168.107.99,219.144.91.220
192.168.107.229,23.67.33.76
192.168.107.124,101.199.253.20
192.168.107.124,36.110.213.244
192.168.107.200,23.199.47.141
192.168.107.20,140.249.85.80
192.168.107.20,111.227.116.2
192.168.107.20,101.199.253.3
192.168.107.20,20.231.121.79
192.168.107.91,101.199.253.91
192.168.107.91,23.199.47.135
192.168.107.91,1.192.194.197
192.168.107.91,1.192.192.179
192.168.107.124,219.144.91.202
192.168.107.124,219.144.91.210
192.168.107.20,117.68.25.106
192.168.107.91,1.192.194.196
192.168.107.91,42.81.96.139
192.168.107.99,58.222.51.1
192.168.107.99,104.71.152.212
192.168.107.99,20.231.121.79
192.168.107.91,103.28.8.201
192.168.107.229,23.199.47.135
192.168.107.200,23.33.32.34
192.168.107.48,219.144.91.220
192.168.107.48,219.144.91.224
192.168.107.229,23.33.32.40
192.168.107.229,23.33.32.34
192.168.107.229,157.148.50.157
192.168.107.20,58.222.29.191
192.168.107.91,101.199.253.13
192.168.107.99,219.144.91.234
192.168.107.99,219.144.91.202
192.168.107.91,1.192.136.5
192.168.107.96,222.94.109.164
192.168.107.91,101.199.253.3
192.168.107.181,23.62.46.150
192.168.107.48,23.194.127.234
192.168.107.20,23.194.127.234
192.168.107.181,23.194.127.233
192.168.107.99,23.194.127.233
192.168.107.200,23.194.127.233
192.168.107.20,123.184.27.245
192.168.107.20,120.46.176.100
192.168.107.96,123.184.28.43
192.168.107.91,220.181.125.252
192.168.107.99,23.219.38.40
192.168.107.200,23.219.38.40
192.168.107.48,23.219.38.40
192.168.107.20,23.219.38.40
192.168.107.181,23.219.38.72
192.168.107.48,123.151.137.18
192.168.107.48,150.138.43.236
192.168.107.48,36.110.213.10
192.168.107.99,124.236.30.239
192.168.107.181,36.110.220.111
192.168.107.181,124.239.244.229
192.168.107.181,36.110.220.112
192.168.107.181,124.17.1.253
192.168.107.181,103.20.128.98
192.168.107.181,103.20.128.99
192.168.107.220,220.181.174.68
192.168.107.220,220.181.174.4
192.168.107.220,220.181.174.133
192.168.107.220,220.181.174.195
192.168.107.181,23.223.246.83
192.168.107.99,23.223.246.83
192.168.107.20,23.223.246.83
192.168.107.48,23.223.246.26
192.168.107.200,23.223.246.26
192.168.107.91,120.79.202.7
192.168.107.91,43.141.69.12
192.168.107.91,203.34.106.200
192.168.107.91,123.207.20.136
192.168.107.20,23.223.246.19
192.168.107.99,23.223.246.19
192.168.107.220,220.181.174.132
192.168.107.220,220.181.174.131
192.168.107.220,220.181.174.3
192.168.107.229,23.223.246.19
192.168.107.91,124.236.64.117
192.168.107.124,101.199.253.12
192.168.107.181,23.63.243.89
192.168.107.20,23.63.243.89
192.168.107.181,223.247.65.236
192.168.107.220,203.208.43.97
192.168.107.181,220.181.174.68
192.168.107.181,203.208.43.97
192.168.107.181,23.33.32.34
192.168.107.91,103.28.8.9
192.168.107.229,23.223.246.42
192.168.107.229,1.71.163.2
192.168.107.220,23.36.85.183
192.168.107.220,52.142.223.178
192.168.107.229,60.188.75.1
192.168.107.20,1.192.136.5
192.168.107.200,23.223.246.42
192.168.107.181,23.223.246.42
192.168.107.20,23.223.246.42
192.168.107.91,14.17.27.212
192.168.107.99,23.199.47.136
192.168.107.96,180.102.49.55
192.168.107.200,219.144.91.230
192.168.107.200,219.144.91.205
192.168.107.96,36.99.200.152
192.168.107.20,23.33.32.82
192.168.107.48,123.184.28.40
192.168.107.91,124.236.18.240
192.168.107.96,42.81.247.1
192.168.107.124,103.28.8.200
192.168.107.20,124.70.62.106
192.168.107.181,222.186.181.251
192.168.107.48,122.246.26.12
192.168.107.48,119.167.131.91
192.168.107.91,106.116.131.134
192.168.107.48,101.226.95.241
192.168.107.99,123.184.27.56
192.168.107.124,103.28.8.6
192.168.107.220,104.124.157.216
192.168.107.48,106.11.248.146
192.168.107.48,124.236.30.242
192.168.107.20,103.28.8.105
192.168.107.20,1.192.136.174
192.168.107.91,101.199.253.43
192.168.107.20,184.50.26.34
192.168.107.200,184.50.26.32
192.168.107.99,184.50.26.34
192.168.107.91,101.199.253.76
192.168.107.96,10.26.22.200
192.168.107.20,23.62.46.148
192.168.107.200,23.62.46.149
192.168.107.220,23.33.184.248
192.168.107.220,23.77.10.250
192.168.107.48,106.116.131.134
192.168.107.220,36.110.220.110
192.168.107.48,103.74.50.134
192.168.107.20,23.62.46.149
192.168.107.91,101.199.253.10
192.168.107.91,101.199.253.61
192.168.107.91,101.199.253.9
192.168.107.48,104.81.60.72
192.168.107.20,104.81.60.16
192.168.107.99,104.81.60.72
192.168.107.181,104.81.60.72
192.168.107.200,23.63.70.101
192.168.107.229,104.81.60.72
192.168.107.181,185.199.108.153
192.168.107.220,104.90.85.188
192.168.107.181,23.14.129.10
192.168.107.48,23.14.129.112
192.168.107.99,23.14.129.10
192.168.107.20,23.14.129.112
192.168.107.200,23.14.129.112
192.168.107.91,106.119.198.130
192.168.107.181,23.204.146.160
192.168.107.200,42.81.96.219
192.168.107.20,42.81.215.103
192.168.107.220,104.18.15.101
192.168.107.220,104.18.14.101
192.168.107.220,203.208.40.98
192.168.107.20,23.14.129.10
192.168.107.181,23.14.129.112
192.168.107.48,23.14.129.10
192.168.107.99,23.14.129.112
192.168.107.48,104.105.105.71
192.168.107.99,219.144.91.208
192.168.107.20,23.215.102.33
192.168.107.99,23.215.102.33
192.168.107.200,23.215.102.33
192.168.107.124,1.192.136.174
192.168.107.48,123.184.27.142
192.168.107.20,101.199.253.22
192.168.107.181,23.206.188.18
192.168.107.200,23.206.188.18
192.168.107.20,23.206.188.18
192.168.107.48,23.206.188.42
192.168.107.99,23.206.188.18
192.168.107.124,124.237.176.67
192.168.107.91,124.236.30.238
192.168.107.48,180.102.58.221
192.168.107.181,23.206.188.211
192.168.107.229,23.62.46.149
192.168.107.229,211.91.67.220
192.168.107.229,223.247.65.231
192.168.107.48,44.215.59.18
192.168.107.48,122.227.201.1
192.168.107.229,109.244.199.223
192.168.107.229,175.27.34.41
192.168.107.229,175.27.34.175
192.168.107.229,61.54.91.204
192.168.107.229,109.244.198.47
192.168.107.229,109.244.199.137
192.168.107.200,106.119.198.133
192.168.107.99,140.249.29.45
192.168.107.124,111.180.137.90
192.168.107.20,23.58.85.69
192.168.107.48,140.249.29.45
192.168.107.20,180.102.58.221
192.168.107.48,221.238.41.33
192.168.107.99,219.144.91.201
192.168.107.99,219.144.91.235
192.168.107.48,106.116.131.137
192.168.107.48,23.214.95.199
192.168.107.99,23.214.95.199
192.168.107.48,23.204.146.202
192.168.107.48,220.181.127.239
192.168.107.181,23.209.116.11
192.168.107.20,23.209.116.11
192.168.107.200,23.209.116.56
192.168.107.48,23.74.138.219
192.168.107.200,223.247.65.204
192.168.107.20,101.199.253.11
192.168.107.20,104.124.157.216
192.168.107.20,59.56.23.7
192.168.107.99,91.189.91.39
192.168.107.229,219.144.91.222
192.168.107.20,23.33.32.40
192.168.107.20,103.28.8.71
192.168.107.20,125.72.145.1
192.168.107.229,23.33.32.27
192.168.107.48,96.7.78.134
192.168.107.229,223.247.65.235
192.168.107.48,123.184.27.134
192.168.107.99,44.215.59.18
192.168.107.20,103.28.8.194
192.168.107.220,23.74.138.219
192.168.107.48,42.81.151.151
192.168.107.96,42.81.184.180
192.168.107.96,42.81.151.253
192.168.107.96,36.99.50.35
192.168.107.99,104.120.129.88
192.168.107.99,106.116.171.239
192.168.107.99,42.202.208.242
192.168.107.220,104.104.119.204
192.168.107.20,1.192.136.142
192.168.107.20,23.35.98.27
192.168.107.181,23.35.98.25
192.168.107.48,23.35.98.25
192.168.107.99,23.35.98.27
192.168.107.181,23.47.50.143
192.168.107.20,23.47.50.182
192.168.107.48,23.47.50.182
192.168.107.99,23.47.50.143
192.168.107.200,23.32.248.11
192.168.107.48,42.81.151.140
192.168.107.48,23.32.248.10
192.168.107.20,23.32.248.10
192.168.107.181,23.32.248.11
192.168.107.99,23.32.248.10
192.168.107.48,118.182.250.2
192.168.107.48,23.63.70.92
192.168.107.99,23.63.70.101
192.168.107.181,23.63.70.92
192.168.107.48,23.63.70.101
192.168.107.20,23.63.70.92
192.168.107.99,23.63.70.92
192.168.107.20,103.28.8.39
192.168.107.20,103.28.8.196
192.168.107.96,109.244.169.81
192.168.107.181,23.50.8.211
192.168.107.48,23.50.8.185
192.168.107.99,23.50.8.185
192.168.107.99,23.45.51.123
192.168.107.99,121.229.88.157
192.168.107.220,184.84.48.141
192.168.107.96,150.138.234.115
192.168.107.181,23.45.51.130
192.168.107.200,23.47.50.182
192.168.107.200,27.128.209.164
192.168.107.200,223.247.65.206
192.168.107.48,23.47.50.154
192.168.107.99,23.47.50.155
192.168.107.181,23.47.50.166
192.168.107.200,23.47.50.163
192.168.107.99,23.47.50.179
192.168.107.200,23.203.135.9
192.168.107.48,23.45.51.130
192.168.107.220,150.138.234.115
192.168.107.124,36.110.220.110
192.168.107.99,23.45.51.130
192.168.107.124,125.72.145.8
192.168.107.48,23.51.190.53
192.168.107.220,23.5.101.162
192.168.107.48,23.5.248.207
192.168.107.99,23.193.116.194
192.168.107.181,23.193.116.194
192.168.107.48,23.193.116.203
192.168.107.200,23.193.116.194
192.168.107.200,54.81.208.206
192.168.107.99,23.193.116.203
192.168.107.48,116.31.99.17
192.168.107.48,23.193.116.194
192.168.107.220,23.205.191.135
192.168.107.48,104.99.238.8
192.168.107.181,104.99.238.11
192.168.107.99,104.99.238.11
192.168.107.48,123.184.57.132
192.168.107.48,23.210.215.57
192.168.107.181,23.210.215.57
192.168.107.99,23.210.215.57
192.168.107.99,23.199.34.19
192.168.107.181,23.210.215.83
192.168.107.48,23.210.215.83
192.168.107.124,220.181.174.66
192.168.107.200,220.181.53.220
192.168.107.220,220.181.174.66
192.168.107.48,42.81.215.103
192.168.107.220,150.138.43.68
192.168.107.220,23.219.78.178
192.168.107.124,150.138.43.10
